year,month,day,hour,minute,second,latitude,longitude,depth,mi,mb,ms,mw,intensity
1907,4,18,20,59,48,14,123,33,,,7.6,,
1919,3,21,10,2,23,13,123,50,,,6.5,,
1922,4,3,22,51,33.9,13.82,119.91,68,,,5,,
1925,5,25,3,43,6,12.5,122.5,33,,,6.3,,
1927,4,13,14,34,37,16.1,120.5,140,,,6.3,,
1927,4,19,17,30,10,16,120,100,,,6.7,,
1928,6,15,6,12,39,12.5,121.5,33,,,7,,
1928,9,5,14,41,56,16.1,119.5,33,,,6.3,,
1932,7,18,5,2,5,14,120,100,,,6,,
1933,3,3,2,19,38,15.5,120.1,120,,,6.5,,
1933,6,6,2,28,22,14,120,33,,,6.3,,
1933,9,20,23,33,40,13,121,100,,,6.5,,
1934,7,31,5,58,34,15.1,119.7,33,,,5.6,,
1934,11,26,12,9,24,14.2,120.2,33,,,6.3,,
1935,2,7,17,29,2,13.5,122.7,33,,,6,,
1936,5,20,0,16,1,13.5,121.5,160,,,6,,
1937,8,20,11,59,16,14.5,121.5,33,,,7.5,,
1939,5,6,17,0,7,13.5,121.3,110,,,6.5,,
1940,3,28,15,48,50,14.2,120.6,160,,,6.8,,
1941,5,9,5,32,40,14.2,122.1,33,,,6.8,,
1942,4,8,15,40,24,13.2,120.6,33,,,7.7,,
1956,7,19,20,40,54,15.1,120.5,33,,,5.7,,
1956,10,23,8,41,22,13.5,120.5,100,,,6.7,,
1958,8,24,16,54,25,14,121,150,,,5.7,,
1959,7,18,19,54,57,15.5,120.5,150,,,6.6,,
1960,5,21,8,17,1,15.5,121.5,33,,5,,,
1960,8,31,17,21,57,12.8,119.9,24,,5.4,,,
1960,9,19,3,58,51.4,16,120,25,,5.5,,,
1961,2,26,21,1,5,15.5,121.1,32,,6.1,,,
1961,6,19,1,45,28,13.1,121.5,56,,5.7,,,TABLAS RF6; ROMBLON RF5; ROXAS RF3; ALABAT RF2
1961,7,15,0,17,46,13.23,120.58,60,,5.7,,,
1962,11,27,12,7,14,14.9,120.2,45,,5.1,,,
1962,12,21,10,30,45,15.9,121.8,33,,5,,,
1963,2,25,23,45,21,15.58,121.49,61,,5.5,,,
1963,5,17,6,9,21,15.69,120.13,99,,5.6,,,
1964,6,22,21,23,35.5,13.67,120.55,72,,5.1,,,
1964,7,9,5,47,9,15.36,119.67,48,,5.3,,,
1964,11,1,5,15,48.7,13.73,120.64,96,,4.9,,,
1964,11,30,6,25,16.3,13.8,120.8,207,,5,,,
1965,1,13,15,4,27.4,15.8,119.7,20,,4.9,,,
1965,8,13,2,13,14.1,13.57,120.06,36,,5.2,,,
1965,8,15,4,44,25.3,13.84,120.54,51,,4.9,,,
1965,9,10,2,53,26.2,13.96,120.87,149,,5,,,
1965,10,2,19,58,28.3,14.9,119.9,42,,4.9,,,
1966,1,10,1,19,11.9,13.81,120.72,133,,5.3,,,
1966,8,15,2,45,34,13.28,121.36,24,,5.5,,,
1966,8,28,18,56,19.2,13.73,120.84,114,,5,,,
1966,8,30,12,40,28.2,13.4,120.8,86,,5.3,,,
1966,10,11,12,6,18.8,13.98,120.74,104,,5.1,,,
1966,10,26,20,9,36.4,13.52,121.14,53,,4.9,,,
1966,12,20,18,39,43.7,14.57,122.17,32,,5.3,,,
1967,1,5,6,13,31.6,13.78,120.71,170,,5.4,,,
1967,6,21,15,45,24,12.7,123,16,,5.3,,,
1967,9,10,17,49,16.7,14.7,121.2,22,,4.9,,,
1968,6,6,19,44,4.7,14.9,119.9,53,,5.3,,,
1968,6,12,23,26,30.1,13.8,120.7,135,,5.1,,,
1968,8,1,20,19,21.5,16.3,122.1,31,,5.9,7.3,,INTENSITY VIII - CASIGURAN AURORA; INTENSITY VII- MANILA AND PALANAN; INTENSITY VI- BALER TUGUEGARAO BAGUIO ALABAT; DAGUPAN IBA CABANATUAN; INTENSITY V - TARLAC INFANTA AMBULONG JOMALIG; INTENSITY IV - LEGASPI CALAPAN AURORA LAOAG CATARMAN VIRAC; INTENSITY III - ROMBLON VIGAN
1968,8,1,21,15,2.7,15.77,121.79,33,,5,,,
1968,8,1,23,45,9.8,15.9,122.4,30,,4.9,,,
1968,8,3,15,38,41,15.61,122.11,78,,4.9,,,
1968,8,5,14,51,10.4,15.97,121.89,49,,4.9,,,
1968,8,6,4,53,4.4,15.7,122,48,,5.3,,,
1968,8,6,23,44,34,15.65,121.96,30,,5.2,,,
1968,8,7,3,53,27,15.7,121.9,44,,4.9,,,
1968,8,9,14,7,49.6,16.04,121.98,61,,5.1,,,
1968,8,9,21,33,58,15.71,121.92,63,,5.1,,,
1968,8,10,16,41,31.5,15.41,121.59,86,,5.1,5.2,,
1968,8,13,0,14,58.5,15.62,121.83,42,,5,,,
1968,8,14,7,56,37,15.08,122.51,15,,5.5,,,
1968,8,22,16,42,14.7,15.53,121.66,33,,4.9,,,
1968,8,23,6,42,59.5,15.7,121.9,57,,5.1,,,
1968,8,28,2,15,18,15.57,122.33,15,,5,,,
1968,8,28,20,42,20.2,15.55,122.02,42,,4.7,6.1,,
1968,8,29,1,36,22.5,15.51,121.98,39,,5.3,,,
1968,8,29,8,5,36.2,15.57,122.01,60,,5.1,,,
1968,8,29,21,8,9.3,15.9,121.7,50,,5.3,,,
1968,9,3,19,38,45,15.5,122.2,21,,5,,,
1968,9,19,3,48,19.3,14.92,120.24,60,,5.2,,,
1968,9,22,9,20,30.2,15.72,121.88,47,,5.3,,,
1968,9,28,8,48,33,16,122.4,54,,4.9,,,
1968,9,28,9,54,49.6,16.18,122.39,42,,5.2,,,
1968,11,2,9,34,57,16.06,121.92,41,,5,,,
1968,11,4,1,45,52,13.5,120.5,75,,5,,,
1968,11,22,8,59,27.7,16.17,122.17,60,,5.3,5.8,,
1968,11,22,11,38,16,13.2,122.6,7,,5.5,,,
1968,12,12,16,0,29.3,16.3,122.3,44,,5.2,,,
1968,12,29,7,15,53.6,13.6,120.54,46,,5.2,,,
1969,1,13,5,37,30.9,13.8,120.8,128,,4.9,,,
1969,3,2,22,21,26.7,13.1,120.8,69,,5,,,
1969,3,2,22,23,17,13.02,120.83,73,,5,,,
1969,3,26,15,27,40,16.2,122.2,30,,5,,,
1969,4,2,19,30,31.1,13.4,121.2,37,,4.9,,,
1969,5,15,7,53,4.2,16.04,121.87,62,,5,,,
1969,6,4,20,17,27.2,15.2,122.3,29,,5,,,
1969,6,10,17,15,28,13.2,121.5,17,,5.1,,,
1969,6,25,0,8,55.9,13.46,120.33,60,,5,,,
1969,10,6,12,48,5.8,14.99,120.11,66,,5.6,,,
1970,2,5,22,5,58.5,12.58,122.09,8,,5.9,,,
1970,2,5,22,45,40,12.69,122.22,20,,5.1,,,
1970,2,6,2,17,33.5,12.69,121.93,34,,5.3,,,
1970,3,10,6,11,56,12.63,122.24,26,,5.6,,,
1970,3,29,2,18,1.5,13.94,120.67,121,,5.3,,,
1970,4,6,0,54,32.8,13.97,120.37,88,,5.2,,,
1970,4,7,5,34,6.2,15.78,121.71,40,,6.5,7.3,,BALER & METROPOLITAN MANILA VII DAGUPAN CABANATUAN INFANTA TUGUEGARAO VI CASIGURAN ALABAT LEGASPI V IBA TARLAC DAET CALAPAN IV
1970,4,7,5,53,18.6,15.25,122.4,47,,5.6,,,
1970,4,7,6,4,39,15.4,121.8,48,,5.1,,,
1970,4,7,6,11,52.8,15.68,121.85,22,,5.5,,,
1970,4,7,6,34,19.2,15.53,121.86,33,,5.5,,,
1970,4,7,7,59,57.3,15.49,121.78,33,,5.2,,,
1970,4,7,9,24,27,15.41,121.77,23,,4.9,,,
1970,4,7,15,5,49,15.38,121.83,9,,5.1,,,
1970,4,8,8,49,13,15.38,121.63,4,,5.2,,,
1970,4,8,9,52,49,15.38,121.79,20,,4.9,,,
1970,4,8,17,54,31,15.59,121.72,31,,5.3,,,
1970,4,8,21,23,54,15.4,121.75,7,,5.7,6.2,,
1970,4,8,21,30,59.5,15.31,121.88,33,,5.1,,,
1970,4,8,21,46,40,15.42,121.93,34,,5.1,,,
1970,4,8,23,33,45,15.55,121.85,26,,5.3,,,
1970,4,10,13,17,57.8,15.82,121.94,35,,4.9,,,
1970,4,12,4,1,44.6,15.08,122.01,25,,5.8,7,,
1970,4,12,4,15,32.1,15,122,18,,5.1,,,
1970,4,12,4,16,55.3,15.21,122.04,18,,5.5,,,
1970,4,12,4,25,26.3,15,121.9,22,,4.9,,,
1970,4,12,4,26,39.3,15.1,122.4,29,,5.2,,,
1970,4,12,5,18,9.1,15.17,122.51,32,,5.4,,,
1970,4,12,6,29,58,15.13,121.98,36,,4.9,,,
1970,4,12,9,1,46,15.08,122.05,29,,5,,,
1970,4,12,9,5,51.3,15.11,122.15,33,,4.9,,,
1970,4,12,10,48,45.1,15.12,122.05,39,,5.1,,,
1970,4,12,14,22,38.2,15.07,122.51,26,,5.4,,,
1970,4,12,23,52,8.5,15.25,122.4,33,,5,,,
1970,4,13,8,28,22.6,15.26,122.24,5,,5.2,,,
1970,4,15,13,14,26.7,15.11,122.71,50,,5.6,6,,
1970,4,20,21,22,15.9,12.5,121.7,33,,4.9,,,
1970,4,22,13,48,56,15.37,121.83,46,,5.1,,,
1970,5,1,3,22,14.2,15.64,121.78,33,,5.3,5.4,,
1970,5,2,17,49,5.2,15.2,122.6,44,,4.9,,,
1970,5,6,2,35,17.5,15.71,121.76,41,,5.1,,,
1970,6,16,8,9,14,15.1,122,19,,5.1,,,
1970,6,20,13,3,12.5,15.12,122.34,65,,4.9,,,
1970,7,10,21,6,39.6,13.93,120.42,89,,5.5,,,
1970,11,21,12,19,40.1,15.01,120.13,53,,5.5,5.2,,
1970,11,27,22,44,35.4,15.1,122.9,33,,4.9,,,
1971,3,4,4,59,51.6,13.9,120.61,117,,4.9,,,
1971,4,29,19,56,11.6,12.64,122.34,4,,5.7,,,
1971,4,29,19,56,24,13,122.3,90,,6,,,
1971,5,5,5,59,28.8,14.62,119.12,38,,4.9,,,
1971,7,2,1,21,38,15.88,120.22,58,,4.9,,,
1971,7,4,11,30,51.1,15.6,121.87,30,,5.5,5.1,,MANILA INTENSITY V
1971,7,4,11,30,53.8,15.6,121.85,50,,5.5,,,
1971,7,20,10,34,11.5,15.27,120.26,33,,5.4,,,
1971,8,20,11,19,51.6,13.87,120.89,139,,4.9,,,
1972,1,14,0,1,32.9,13.55,120.87,126,,5.1,,,
1972,2,19,8,7,2.1,12.89,121.31,14,,4.9,,,
1972,3,16,5,9,6.2,15.69,121.81,53,,5.1,,,BALER RF6 BAGUIO & CABANATUAN RF4 DAGUPAN RF2 MANILA INFANTA RF1
1972,3,28,8,29,20.6,13.52,120.76,165,,5.8,,,
1972,4,14,12,44,13.2,14.89,119.74,47,,5,,,
1972,4,25,19,30,9.3,13.37,120.31,50,,7.2,,,LUBANG ISLAND RRF6; MANILA CAVITE AMBULONG TAYABAS RF5; CABANATUAN IBA CUYO RF$; INFANTA RF3
1972,4,25,20,37,42.5,14.2,120.3,33,,5.3,,,
1972,4,25,20,37,48.7,13.55,120.41,79,,5,,,
1972,4,25,20,46,35.9,13.52,120.52,33,,5.4,,,
1972,4,26,4,30,19.5,13.51,120.51,72,,5.1,,,MANILA RF1
1972,4,26,6,18,44.9,13.55,120.55,33,,5.2,,,MANILA RF3
1972,4,26,6,43,42.9,13.49,120.61,63,,5,,,MANILA RF1
1972,4,26,8,38,34.6,13.49,120.67,71,,5.3,,,
1972,4,26,9,44,23.6,13.17,120.35,50,,5,,,
1972,4,26,14,17,45.1,13.45,120.45,69,,4.9,,,
1972,4,26,14,55,39,13.4,120.1,33,,5,,,
1972,4,26,15,55,59.3,13.22,120.34,40,,5.1,,,
1972,4,26,17,35,8.4,13.43,120.58,53,,5.2,,,
1972,4,26,21,34,53.9,13.41,120.59,44,,5,,,
1972,4,27,1,29,38.2,13.51,120.68,72,,5.4,,,MANILA RF4
1972,4,27,6,44,29.7,13.44,120.44,56,,5.2,,,MANILA RF3
1972,4,27,14,37,16.7,13.19,120.43,45,,5.4,,,
1972,4,27,15,35,36,13.4,120.5,33,,5.3,,,
1972,4,27,15,35,39.8,13.33,120.34,65,,5.1,,,
1972,4,27,15,42,9.6,13.28,120.39,33,,4.9,,,
1972,4,29,4,54,40.7,13.35,120.64,56,,5.2,,,
1972,4,30,0,13,26.3,13.29,120.41,33,,5.2,,,
1972,4,30,15,15,34.3,13.54,120.54,56,,5.5,,,MANILA RF3
1972,4,30,16,7,8.6,13.61,120.49,66,,5.3,,,
1972,5,1,18,23,22.6,13.38,120.39,63,,5,,,
1972,5,8,4,21,8.9,13.41,120.46,53,,5.1,,,
1972,5,17,5,27,51.6,13.36,119.88,37,,5.7,,,
1972,5,17,5,50,49.7,14.08,119.74,88,,5.2,,,
1972,5,22,6,36,40,14,120.7,33,,4.9,,,
1972,5,26,8,38,18.8,13.29,120.41,38,,5.2,,,
1972,5,28,15,20,49.8,13.37,120.65,46,,5.2,,,
1972,6,19,1,32,19,13.34,120.34,49,,5.3,,,
1972,6,19,1,32,22.1,13.46,120.51,75,,5.2,,,
1972,8,3,15,10,23.3,13.44,120.35,33,,5.3,,,
1972,8,28,14,24,46.1,13.27,120.56,62,,5.2,,,
1972,10,21,23,17,27.3,15.14,122.87,33,,4.9,,,
1972,11,4,10,36,45.3,12.9,120.2,33,,5.1,,,
1973,3,15,17,58,39.4,13.94,120.36,113,,5.2,,,MANILA RF2 QUEZON CITY RF1
1973,3,17,8,30,51.8,13.37,122.79,33,,5.6,7,,INTENSITY VIII - CALAUAG HONDAGUA LOPEZ  GUINAYANGAN QUEZON PROVINCE; INTENSITY VII - ALABAT QUEZON; INTENSITY VI - SAN FRANCISCO QUEZON; MANILA; INTENSITY V - QUEZON CITY; ROMBLON ROMBLON; DAET CAMARINES NORTE; INTENSITY IV - TAYABAS QUEZON; MIA PASAY CITY; AMBULONG; TANAUAN BATANGAS; LEGASPI ALBAY; INFANTA QUEZON; DAGUPAN NUEVA ECIJA; INTENSITY III - VIRAC; CATBALOGAN SAMAR                                                  F    HONDAGUA LOPEZ CALAUAG & GUINAYANGAN QUEZON PROVINCE INTENSITY VII ALABAT VII SAN FRANCISCO QUEZON & MANILA VI ROMBLON & DAET V TAYABAS QUEZON IV
1973,5,13,12,55,42.6,13.64,120.75,1,,5.3,,,
1973,5,13,12,55,48.6,13.73,120.89,40,,5.2,,,
1973,7,18,3,53,41.2,14.93,119.86,56,,5.1,,,MANILA RF3; QUEZON CITY RF2
1973,9,27,4,29,34.8,13.34,120.79,33,,4.9,,,
1973,10,7,12,20,37.2,16.33,122.34,33,,5,,,
1973,10,9,1,44,57.5,16.29,122.35,33,,5.2,,,BGUIO CITY TUGUEGARAO MANILA RF2
1973,10,17,2,57,48.5,15.98,121.6,33,,4.9,,,
1973,10,25,6,41,11.3,13.79,120.24,63,,5.6,,,MANILA BAGUIO CITY RF4; AMBULONG BATANGAS RF2
1973,11,18,8,38,26.5,15.93,119.21,33,,4.9,,,
1973,11,21,12,5,46.3,13.45,121.02,39,,5.1,,,CALAPAN RF2
1974,2,9,8,28,12,16.2,120.1,33,,5.5,,,
1974,2,9,8,28,15.3,15.9,119.9,65,,5.2,,,
1974,2,9,8,28,18.3,16,119.9,87,,5,,,
1974,2,12,9,47,46.7,13.6,120.4,88,,5.4,,,
1974,2,19,3,30,21.8,14,122.2,17,,5.7,,,
1974,4,16,11,22,52.9,13.83,120.65,123,,5.4,,,MANILA RF3
1974,10,17,13,5,26.8,13.69,120.59,171,,4.9,,,
1974,10,22,22,45,42.1,13.48,120.57,41,,5.2,,,MANILA AMBULONG RF3; TAYABAS RF2; QUEZON CITY RF1
1974,11,3,16,29,8.8,15.02,122.67,33,,5.1,,,DAET CAMARINES NORTE RF1
1975,2,1,15,19,50.5,13,120.2,33,5,,,,
1975,2,1,15,19,51.7,13.2,120.4,47,5,,,,
1975,4,29,8,41,51,13.7,120.8,33,5.6,,,,
1975,4,29,8,49,16,12.6,121.6,33,5.7,,,,
1975,4,29,8,49,25.8,13.7,120.8,50,5,,,,
1975,5,1,12,37,1.6,13.6,120.8,54,5,,,,
1975,5,2,21,9,40.1,13.6,120.7,34,5,,,,
1975,5,5,21,55,5,13,120,12,5,,,,
1975,5,5,21,55,10,13,120.3,49,5,,,,
1975,5,23,23,16,12.1,13.6,120.8,41,5,,,,
1975,6,18,4,11,2.3,13.9,120.6,134,5.4,,,,
1975,7,8,18,7,39.6,13.5,120.3,64,5,,,,
1976,2,13,10,33,43.5,14,120.13,33,5,,,,
1976,5,4,9,23,23.2,13.38,120.21,33,5.4,,,,
1980,3,31,12,41,47.1,16.04,121.88,50,5.1,,6.3,,RF6-CASIGURAN; RF5-MANILA; CABANATUAN BAGUIO CITY BALER AND CAVITE; RF4-QUEZON CITY DAET AMBULONG TAYABAS DAGUPAN AND TARLAC; RF3-TUGUEGARAO CITY; RF1-PASUQUIN
1980,7,4,22,23,32.9,15.09,122.7,113,5,,,,
1981,7,22,18,31,35.2,14.7,119.94,49,5,,,,RF4-MANILA IBA AND BATAAN; RF3-BALER AND SANTA; RF1-PASUQUIN
1983,6,1,1,36,53.3,13.15,120.71,236,5,,,,
1985,4,23,16,15,11,15.3,120.6,188,5.4,,,,RF4-MANILA BAGUIO AND SANTA RF3I-PASUQUIN CALLAO AND QUEZON CITY
1987,4,25,12,16,48.7,15.87,120.22,106,5.5,,,,RF6-DAGUPAN SAN FERNANDO LA UNION; RF5-MANILA BALANGA SANGLEY POINT; RF4-ZAMBALES QUEZON CITY SANTA ILOCOS SUR PASUQUIN ILOCOS NORTE; RF2-CAGAYAN
1987,6,5,21,27,56.6,15.6,121,45,5.6,,,,
1988,4,8,4,42,31.2,13.3,120.1,61,5.6,,,,RF4-MANILA; RF3-QUEZON CITY
1989,3,24,17,21,14.74,14.411,119.698,33,5.5,,,,
1990,2,22,17,19,35.9,16.13,122.14,19,,,5,,
1990,5,17,9,40,12.5,13.37,121.23,11,,,5.1,,
1990,5,27,14,0,31.6,12.67,120.49,3,,,5.2,,
1990,5,27,14,0,36.4,12.67,120.96,8,,,5.2,,
1990,5,29,12,35,26.8,16.08,119.95,3,,,5.1,,
1990,7,16,7,26,34.6,15.68,121.17,25,,6.5,7.8,,INTENSITY VIII - CABANATUAN CITY DAGUPAN CITY AGOO LA UNION BAGUIO CITY; INTENSITY VII - MANILA; INTENSITY VI - SANTA; INTENSITY V - CUBI POINT; INTENSITY IV - CALLAO CAVES
1990,7,16,7,45,58.7,15.66,121.18,33,,,5.2,,
1990,7,16,7,53,51.8,16.29,120.41,33,,,5.4,,
1990,7,16,8,30,32.9,16.17,120.18,33,,,5,,
1990,7,16,12,32,5.9,16.21,120.8,33,,,5,,
1990,7,16,13,31,13.2,16.29,120.88,33,,,5.7,,
1990,7,16,15,4,27,16.31,120.44,33,,,5,,
1990,7,17,21,40,11.3,16.25,120.92,33,,,5,,
1990,7,17,22,29,53,16.34,121.06,33,,,5,,
1990,7,18,21,14,45.1,16.06,121.04,6,,,6.3,,
1990,7,23,22,20,42,16.1,119.64,18,,,5.1,,
1990,8,19,10,12,7.2,16.17,120.21,1,,,5.5,,
1990,8,20,22,37,35.5,16.34,120.47,7,,,5.1,,
1990,9,3,5,13,29.5,16.33,120.75,4,,,5,,
1990,9,22,22,57,30.8,16.04,121.51,29,,,5.3,,
1990,10,7,10,2,29,13.3,120.17,7,,,5.5,,
1990,10,22,12,21,35.1,13.74,121.03,33,,,5.1,,
1990,11,3,15,21,1.9,12.9,122.22,23,,,5,,
1990,11,20,9,6,52.1,14.44,121.89,16,,,5.2,,
1990,12,5,16,13,15.6,14.48,121.97,13,,,5.9,,
1990,12,25,1,57,50.7,13.59,120.08,10,,,5.3,,
1991,1,19,15,56,53.5,15.44,121.21,9,,,5.4,,
1991,2,7,5,35,11.9,13.66,120.67,11,,,5.2,,
1991,2,23,10,40,58.5,15.91,120.84,3,,,5.1,,
1991,4,19,4,51,39.7,13.8,121.04,186,,,5.6,,
1991,4,19,4,51,39.7,13.8,121.04,186,,,5.6,,
1991,6,16,2,7,42.6,15.15,120.27,12,,,5.8,,
1991,6,16,9,51,12.2,15.15,120.46,9,,,5,,
1991,6,16,13,26,47.5,15.05,120.32,24,,,5.1,,
1991,6,17,15,33,4.2,15.04,120.24,27,,,5.2,,
1991,6,18,3,20,27.2,15.22,120.35,11,,,5.1,,
1991,7,3,3,49,45,15.21,120.44,8,,,5.8,,
1991,9,4,22,37,24.2,15.15,120.34,48,,,5.3,,
1991,10,25,13,48,20.1,13.27,120.15,6,,,5.5,,
1992,5,25,8,31,31.9,13.77,119.96,16,,,5.3,,INTENSITY IV - MANILA; INTENSITY III - QUEZON CITY
1993,3,29,3,50,55,13.41,120.62,22,,,5.3,,
1993,3,29,7,31,50.9,13.4,120.58,17,,,5.4,,INTENSITY IV- PTO GALERA; INTENSITY III - TAGAYTAY; INTENSITY II - QUEZON CITY
1993,4,9,11,35,35.6,14.95,120.25,14,,,5.3,,INTENSITY V - CLARK OLONGAPO SAN ANTONIO ZAMBALES MANILA; INTENSITY IV - QC; INTENSITY III - TAGAYTAY
1993,9,6,13,9,56.5,13.73,120.53,120,,,5.3,,
1993,10,30,8,30,33.3,15.44,121.73,8,,,5.1,,MANILA RF4; QUEZON CITY RF3; PALAYAN CITY RF3; CLARK RF3; GUINAYANGAN RF2; BAGUIO RF 1
1993,12,12,5,15,22.3,13.73,123.02,8,,,5.3,,GUINAYANGAN QUEZON RF3; LIGNON HILL RF2; QUZON CITY RF2
1994,2,20,21,48,14.7,13.73,120.75,185,,,5.2,,
1994,4,27,14,11,46.6,13.13,119.35,48,,,5.7,,
1994,11,14,19,15,27.8,13.5,121.09,7,,6.1,7.1,,INTENSITY VIII - BACO ORIENTAL MINDORO; INTENSITY VII - VERDE ISLAND; INTENSITY III - GUINAYANGAN LUCBAN QUEZON BATANGAS TAGAYTAY MANILA; INTENSITY II - MASBATE LEGASPI
1994,11,15,0,35,55.5,13.7,120.92,70,,,6,,
1994,11,15,3,29,16.5,13.41,120.63,33,,,5.3,,
1994,11,15,6,25,11.2,13.17,121.19,34,,,5.1,,
1994,11,24,10,38,40.9,12.57,121.02,9,,,5.2,,
1996,2,18,9,57,16.4,14.13,120.5,260,,,5,,PTO GALERA RF2; TAGAYTAY RF2; MANILA MAKATI RF1
1996,5,2,6,30,23.1,16.24,120.33,3,,,5.5,,DAGUPAN RF5; BAGUIO RF4; ANGELES CITY RF4; MANILA RF3
1996,7,20,9,14,5.4,13.85,120.34,82,,,5.3,,BALAYAN BATANGAS RF5; SUBIC TAGAYTAY; TALISAY BATANGAS RF4 MARIVELES PTOGALERA MANILA; PULILAN BULACAN RF3; QUEZON CITY RF2 CLARK RF2; LUCBAN RF2; GUINAYANAGN RF1
1996,7,30,17,31,30.7,14.7,119.5,7,,,5.8,,OLONGAPO RF6; ANGELES CITY RF5; MANILA MAKATI PASIG RF5; BAGUIO BULACAN RF4; TAGAYTAY LUCBAN RF2
1996,9,25,11,36,34.6,13.7,120.33,138,,,5,,PTO GALERA RF2
1996,9,28,9,37,2.3,16.33,120.59,4,,,5.3,,
1997,3,12,14,51,48.3,13.61,121.01,12,,,5.9,,INTENSITY IV - PUERTO GALERA MINDORO ORIENTAL; INTENSITY III - CALAPAN MINDORO ORIENTAL; TAAL BATANGAS; TAGAYTAY CITY; INTENSITY II - QUEZON CITY; INTENSITY I - LUCBAN QUEZON
1997,5,5,5,44,20.2,15.15,119.92,14,,,5.5,,INTENSITY II - CLARK AIR BASE; INTENSITY I - QUEZON CITY
1997,7,22,22,53,36.9,15.2,122.58,11,,,5.2,,INTENSITY III - QUEZON CITY; INTENSITY II - GUINAYANGAN QUEZON
1998,1,4,4,24,10.8,14.8,121.94,3,,,5.4,,
1998,3,23,20,24,35.5,13.12,121.18,3,,,5.1,,
1998,8,23,5,36,12.8,14.73,119.9,35,,,6.1,,
1999,5,27,6,18,24.7,15.36,119.68,57,,,5.1,,INTENSITY IV - IBA ZAMBALES SUBIC ZAMBALES MANILA INTENSITY III - QUEZON CITY MABALACAT PAMAPANGA DAGUPAN CLARK ANGELES PAMPANGA INTENSITY II - PALAYAN MAKATI MARIKINA BAGUIO PASAY CITY INTENSITY I -  TAGAYTAY BUCO TALISAY BATANGAS GAPAN NE CABANATUAN
1999,12,11,18,3,40.3,15.85,119.67,65,,,6.8,,INTENSITY VII - INFANTA & DASOL PANGASINAN MASINLOC & CANDELARIA ZAMBALES INTENSITY VI - MANILA MABINI PANGASINAN STA CRUZ ZAMBALES OLOGAPO CITY CLARK SAN FERNANDO LA UNION; INTENSITY V - DAGUPAN PASIG TAGUIG INTENSITY IV - BAGUIO TAGAYTAY PALAYAN LUCBAN MALOLOS                              F     STA CRUZ ZAMBALES INT VII OLONGAPO MASINLOC ZAMBALES - INT VI; CLARK INT VI; SAN FERNANDO LA UNION MANILA INT VI; QUEZON CITY DAGUPAN PASIG TAGUIG INT V; BAGUIO TAGAYTAY PALAYAN LUCBAN MALOLOS INT IV; SANTA INT III; PUERTO GALERA PASUQUIN INT II; CALLAO INT I
1999,12,12,1,11,26.7,16.2,119.79,36,4.6,5.6,5,,
2000,1,6,21,31,9.4,16.25,119.78,37,,,5.9,,INTENSITY III - SANTA CRUZ ZAMBALES IBA ZAMBALES INTENSITY I -  PASAY CITY
2000,2,3,13,42,21.8,13.64,121.48,2,4.7,5.7,5,,INTENSITY III - BATANGAS PAGBILAO QUEZON LUCENA LUCBAN MANILA INTENSITY II - PUERTO GALERA MAKATI MARINDUQUE INTENSITY I - QUEZON CITY TAGAYTAY
2000,6,19,9,34,56.75,14.087,120.33,108,5.1,6,5.6,,INTENSITY IV - TAGAYTAY CITY CORREGIDOR CAVITE MANILA INTENSITY III - QUEZON CITY PTO GALERA STA. ROSA LAGUNA INTENSITY II - ANGELES CITY & PASAY CITY
2000,8,1,7,10,50.42,15.099,122.305,81,5.2,6.1,5.7,,INTENSITY IV - BALER MANILA ORTIGAS INTENSITY III - MAKATI BINANGONAN RIZAL LUCBAN INTENSITY II - MALOLOS ANGELES CITY PALAYAN INTENSITY I - BAGUIO TAYGAYTAY
2000,10,21,22,30,34.88,13.714,120.617,130,4.9,5.9,5.3,,INTENSITY II - PUERTO GALERA TAGAYTAY; INTENSITY I - LUCBAN GUINYANGAN QUEZON CITY CLARK
2001,7,8,17,17,31.29,13.594,120.835,8,,,5,,INTENSITY V - PUERTO GALERA; INTENSITY IV - TAGAYTAY TANAUAN BATANGAS INTENSITY III- MANILA; INTENSITY II- TAGUIG RIZAL; GUINAYANGAN QUEZON
2002,9,3,14,23,45.6,13.522,120.649,1,5.1,6,5.7,,INTENSITY V - WHITE BEACH PUERTO GALERA BATANGAS CITY INTENSITY IV - MUELLE PTO GALERA INTENSITY III- MANILA TAGAYTAY TAGUIG PATEROS INTENSITY II - QUEZON CITY MAKATI MALOLOS
2003,3,2,17,57,26.57,15.42,121.67,5,4.7,5.7,5,,INTENSITY IV - TARLAC TARLAC BALER AURORA CLARK ANGELES CITY MANILA PASIG & PASAY CITY; INTENSITY III - TAGAYTAY LINGAYEN PANGASINAN; INTENSITY I - LUCBAN & GUINAYANGAN QUEZON
2003,4,12,13,42,17.52,13.715,120.467,107,4.9,5.8,5.3,,CLARK MANILA  TAGUIG PUERTO GALERA INTENSITY II QUEZON CITY INTENSITY I
2003,6,12,18,43,29.27,13.067,120.244,3,4.8,5.8,5.2,,PTO GALERA III TAGAYTAY III MANILA II QUEZON CITY I
2003,10,9,22,19,12.76,13.676,119.58,39,5,5.8,5,,LUBANG ISLAND OCC MINDORO V MANILA IV BATANGAS PASIG MALOLOS III GUINAYNGAN CLARK LUCBAN TAGAYTAY II PTO GALERA I
2004,9,15,19,10,48.08,14.284,120.166,91,5.5,6.4,6.2,,INTENSITY IV - BALANGA; MARIVELES BATAAN; SUBIC ZAMBALES; MANILA TAGAYTAY CITY; INTENSITY III - BATANGAS CITY PUERTO GALERA
2004,10,8,14,36,6.09,13.815,120.413,94,5.5,6.4,6.2,,INTENSITY V - PUERTO GALERA; TAGAYTAY CITY; SAN FERNANDO PAMPANGA; MALOLOS BULACAN; LOS BANOS LAGUNA INTENSITY IV - BUCO TALISAY BATANGAS
2005,2,9,20,59,53.3,13.699,120.535,89,4.8,5.7,5.4,,INTENSITY IV - NASUGBU BATANGAS; INTENSITY III -  PTO GALERA PASAY CITY; INTENSITY II - QUEZON CITY MAKATI TAGAYTAY CLARK PAMPANGA
2005,4,3,1,41,31.07,13.558,120.584,95,4.9,5.9,5.3,,INTENSITY III - PTO GALERA; INTENSITY II - MANILA PASAY; INDANG CAVITE; ALABANG; INTENSITY I - TAGAYTAY
2005,12,11,16,23,38.68,14.024,120.654,205,4.7,5.7,5.1,,
2006,10,20,14,30,59.08,13.453,121.536,9,4.8,5.7,5.2,,INT V - BATANGAS CITY BAUAN BATANGASINTENSITY IV - MANILA LIPA CITYINTENSITY III - PTO GALERA MAKATI CITY
2006,10,20,14,30,59.11,13.452,121.544,10,4.8,5.8,5.2,,INTENSITY V - MARINDUQUE BATANGAS CITY BAUAN BATANGAS INTENSITY IV - MANILA LIPA CITY INTENSITY II - PTO GALERA MAKATI; INTENSITY II - TAGAYTAY CITY
2006,10,20,22,9,28,13.442,121.552,11,4.7,5.7,5.1,,
2007,6,3,10,9,48.77,13.658,122.686,5,4.8,5.8,5.3,,INTENSITY V - RAGAY CAMARINES SUR LABO CAMARINES NORTE; INTENSITY IV - GUINAYANGAN QUEZON; INTENSITY III - LUCBAN QUEZON
2007,7,17,12,42,46.59,13.522,120.698,104,4.6,5.6,5,,INTENSITY III - MAMBURAO OCCIDENTAL MINDORO
2007,11,27,4,26,57.75,16.079,119.654,19,5.2,6.1,6,,INTENSITY V - LINGAYEN PANGASINAN; BAGUIO CITY; SN FERNANDO LA UNION BAGAC BATAAN INTENSITY IV - IBA ZAMBALES; SANTIAGO ISABELA; MANILA; CALOOCAN CITY; INTENSITY III - PASIG CITY MAKATI LAS PINAS PASAY BULACAN TARLAC ILOCOS SUR ILOCOS NORTE SAN FERNANDO PAMAPANGA INTENSITY II QUEZON CITY TAGUIG CAVITE NUEVA ECIJA
2008,1,9,20,19,34.92,15.443,122.735,15,4.6,5.6,5,,
2008,1,31,19,32,52.68,16.181,119.578,26,5,5.9,5.5,,INTENSITY IV - LUCIENTE BOLINAO PANGASINAN INTENSITY III - BAGUIO INTENSITY II - CLARK PAMPANGA; BANI PANGASINAN EASTWOOD QUEZON CITY
2008,2,27,22,56,59.72,13.134,120.358,32,4.7,5.7,5.2,,INTENSITY V - MAMURAO OCC. MINDORO; INTENSITY IV - LOOC LUBANG ISLAND; ABRA DE ILOG; INTENSITY III - ILIJAN BATANGAS; PTO GALERA; INTENSITY II - TAGAYTAY QC
2008,6,7,20,4,41.85,13.661,120.517,79,4.8,5.7,5.2,,INTENSITY IV - LUBANG OCCIDENTAL MINDORO; INTENSITY II - PTO GALERA
2008,7,6,12,1,29.59,15.404,122.381,1,4.9,5.8,5.4,,INTENSITY IV - BALER AURORA; DAET CAMARINES; LABO CAMARINES NORTE; GABALDON NUEVA ECIJA; PLARIDEL BULACAN; POLILIO ISLAND; MANILA; INTENSITY III - QUEZON CITY; MAKATI CITY; TAGUIG CITY; PARANAQUE; PASIG CITY; INFANTA QUEZON; TARLAC CITY; DINGALAN AURORA; INTENSITY II - GUINAYANGAN QUAZON; CLARK ANGELES CITY; BAGUIO CITY; CAINTA; SANJOSE DEL MONTE CITY; MUNOZ & TALAVERA NUEVA ECIJA; CABANATUAN CITY; RODRIGUEZ RIZAL; DIVILACAN ISABELA; INTENSITY I - GAPAN CITY
2008,7,6,12,46,56.27,15.405,122.386,15,4.8,5.7,5.2,,INTENSITY III - CAMARINES NORTE; GABALDON NUEVA ECIJA; INTENSITY II - DINGALAN AURORA; INTENSITY I - QUEZON CITY
2008,7,8,1,41,52.65,15.425,122.407,3,4.9,5.8,5.4,,INTENSITY IV - BALER AURORA; QUEZON CITY; MANILA CITY; GABALDON NUEVA ECIJA; INTENSITY III - DINGALAN AURORA; LA TRINIDAD BENGUET; BAGUIO CITY; SANTIAGO CITY ISABELA; GENERAL NAKAR QUEZON; MAKATI CITY; PASIG CITY; CALOOCAN CITY; TAGUIG CITY; INTENSITY II - LUCBAN QUEZON; MUNTINLUPA ALABANG; CARMONA CAVITE; CALAMBA LAGUNS; CAUAYAN ISABELA; MANDALUYONG CITY; INTENSITY I - DAET CAMARINES NORTE
2008,8,1,10,35,24.75,13.601,120.645,117,4.7,5.7,5.3,,INTENSITY III - MANILA CITY; SAN FERNANDO PAMPANGA; INTENSITY II - PUERTO GALERA
2008,9,27,3,4,54.98,13.333,120.317,73,,,5.3,,INTENSITY V - CALAPAN CITY; NAUJAN; INTENSITY IV - APALIT; MANILA; LAS PINAS; INTENSITY III - QUEZON CITY; BATANGAS CITY; INTENSITY II - MAKATI CITY
2008,9,27,3,9,8.28,13.315,120.08,86,5.5,6.4,6.5,,INTENSITY V - CALAPAN CITY; NAUJAN; LOOC; SABLAYAN ORIENTAL MINDORO; INTENSITY IV - APALIT; PUERTO GALERA; ABRA DE ILOG; INTENSITY III - QUEZON CITY; MANILA CITY; MOLINO CAVITE; PASIG CITY; BATANGAS CITY; TAGAYTAY CITY; OLONGAPO CITY; INTENSITY II - NAVOTAS CITY; MALOLOS; UBANDO BULACAN; BACOOR CAVITE; TAGUIG CITY; TANAUAN BATANGAS; BUCO TALISAY
2008,10,1,18,4,27.83,13.299,120.208,54,,,5.3,,INTENSITY IV - PALUAN OCC. MINDORO INTENSITY III - PUERTO GALERA INTENSITY II - TAGAYTAY MAKATI QUEZON CITY
2008,10,28,4,16,0.93,12.612,119.87,31,4.6,5.6,5,,
2009,1,9,7,28,42.02,16.204,119.546,6,4.6,5.6,5.1,,INTENSITY III - PASIG CITY; MANILA CITY;  INTENSITY II - MAKATI CITY; QUEZON CITY; BOLINAO PANGASINAN
2009,4,20,19,12,34.52,15.266,119.726,14,4.8,5.8,5.3,,INTENSITY IV - IBA ZAMBALES; INTENSITY III - STA CRUZ ZAMBALES; BAGUIO CITY;CLARKFIELD PAMPANGA; LINGAYEN PANGASINAN; MANILA; INTENSITY II - SAN RAFAEL TARLAC; SAN FERNANDO PAMPANGA; MANDALUYONG CITY & MAKATI CITY
2009,5,24,1,6,24.86,15.127,119.77,1,4.8,5.7,5.2,,INTENSITY III -  IBA ZAMBALES; SUBIC OLONGAPO; INTENSITY II - QUEZON CITY; ORTIGAS PASIG CITY; MAKATI CITY
2009,7,4,0,41,49.28,13.79,120.518,94,4.7,5.7,5.1,,INTENSITY II - BATANGAS CITY; PUERTO GALERA
2009,9,18,6,23,53.15,12.469,120.327,21,5.3,6.2,6,,INTENSITY IV - MAMBURAO & SAN JOSE OCC. MINDORO; BATANGAS CITY; BOAC MARINDUQUE; CORON PALAWAN; INTENSITY III - MAKATI CITY; PASAY CITY; MANILA CITY; TAGAYTAY CITY; LUCBAN QUEZON; DASMARINAS CAVITE; LUBANG OCC. MINDORO; INTENSITY II - GUINAYANGAN QUEZON; CALAPAN & PUERTO GALERA OR. MINDORO; MALAY AKLAN
2009,10,18,23,50,8.35,13.768,120.493,135,5.2,6.1,5.8,,INTENSITY IV - LOOC LUBANG; INTENSITY III - BATANGAS CITY; IBA ZAMBALES; CLARK PAMPANGA; INTENSITY II - CALAMBA LAGUNA; MANILA CITY; TALISAY BATANGAS
2009,10,31,0,7,41.6,15.32,119.934,8,4.6,5.6,5,,INTENSITY II - PASIG CITY HALL 8TH FLOOR
2010,1,16,19,53,18.78,13.573,120.523,60,4.6,5.6,5,,INTENSITY II - PTO GALERA MINDORO ORIENTAL; ALABANG MUNTINLUPA CITY
2010,2,1,4,56,36.44,13.785,120.511,111,4.7,5.7,5.1,,INTENSITY III - PALUAN OCCIDENTAL MINDORO; INTENSITY II - LUBANG SABLAYAN AND MAMBURAO OCCIDENTAL MINDORO ILIJAN BATANGAS; CALAPAN ORIENTAL MINDORO; INTENSITY I - PUERTO GALERA ORIENTAL MINDORO
2010,3,25,5,29,24.12,13.738,119.727,11,5.4,6.3,6,,INTENSITY V - LOOC LUBANG ISLAND; MANILA CITY; INTENSIT IV - QUEZON CITY; MANDALUYONG CITY; MAKATI CITY; PASAY CITY; TALISAY BATANGAS; TAGUIG CITY; PASIG CITY; INTENSITY III - BAGAC BATAAN; CANLUBANG LAGUNA; CLARK PAMPANGA; ROSARIO TRECE MARTIRES CAVITE; MARIKINA CITY; TAGAYTAY CITY; INTENSITY II - CALAMBA LAGUNA; PTO GALERA ORIENTAL MINDORO
2010,11,3,22,24,46.51,12.788,122.946,23,4.8,5.7,5.2,,INTENSITY III - SORSOGON CITY LEGASPI CITY; TABACO ALBAY; STA MISERICORDIA STO DOMINGO ALBAY; INTENSITY II - LIGNON HILL SAN JACINTO TICAO ISLAND; INTENSITY I - MASBATE CITY
2010,11,5,16,40,37.84,12.825,122.897,19,,,5.8,,INTENSITY VI - SAN PASCUAL BURIAS ISLAND; INTENSITY IV - MASBATE CITY; SORSOGON CITY; IROSIN SORSOGON; STO DOMINGO ALBAY; ODIONGAN ROMBLON; LEGASPI CITY; INTENSITY II - CEBU CITY; ROXAS CITY
2010,11,10,10,30,16.91,15.115,119.726,16,4.8,5.7,5.2,,INTENSITY V - SAN ANTONIO ZAMBALES; INTENSITY IV - IBA ZAMBALES; INTENSITY III - PASIG CITY TARLAC CITY; INTENSITY II - MANILA MAKATI QUEZON CITY MUNTINLUPA CITY; INTENSITY I - CLARK PAMPANGA
2011,3,10,19,6,9,13.65,120.36,78,4.5,5.5,5.1,,INTENSITY II - BATANGAS CITY
2011,3,21,10,36,47.86,13.855,120.23,75,5.1,6,5.7,,INTENSITY V - BATANGAS CITY; INTENSITY IV - MANILA CITY; MARIKINA CITY; BACOOR CAVITE; TALISAY BATANGAS; TAGAYTAY CITY; LUBANG OCCIDENTAL MINDORO; MALOLOS & UBANDO BULACAN; INTENSITY II - PATEROS NAVOTAS; CALAMBA AND BINAN LAGUNA; LUCBAN QUEZON; SUBIC ZAMBALES; CLARK PAMPANGA; PLARIDEL BULACAN; TARLAC CITY CABANATUAN CITY NUEVA ECIJA; BAGUIO CITY
2011,4,8,18,29,16.67,13.84,119.79,33,4.9,5.9,5.4,,INTENSITY IV - LOOC & LUBANG OCCIDENTAL MINDORO; INTENSITY III - PUERTO GALERA SAN TEODORO & BACO ORIENTAL MINDORO; MANILA & GUIGINTO BULACAN; MAKATI CITY; MUNTINLUPA CITY; MARIKINA CITY
2011,5,22,16,42,23.8,13.653,120.712,103,5.1,6,5.7,,INTENSITY IV - ILIJAN BATANGAS; INTENSITY III - TAGAYTAY CITY; MALATE MANILA; PTO GALERA ORIENTAL MINDORO; TAGAYTAY CITY; ALABANG MUNTINLUPA; CLARK PAMPANGA; INTENSITY II - MALOLOS BULACAN; INTENSITY I - NICHOLS PASAY
2011,7,25,17,15,42.85,15.07,119.86,37,5.3,6.2,5.9,,INTENSITY V - IBA SAN FELIPE AND STA CRUZ ZAMBALES; INTENSITY IV - CLARK PAMPANGA; OBANDO BULACAN; QUEZON CITY; MANILA; ALABANG MUNTINLUPA; BACOOR CAVITE; INTENSITY III - MAKATI; PASIG; TAGUIG; MANDALUYONG; TAGAYTAY; CABANATUAN CITY NUEVA ECIJA; GUIGUINTO BULACAN; MARIKINA; PATEROS; DAGUPAN CITY; INTENSITY II - BAGUIO CITY
2011,8,12,2,29,28.02,13.434,120.886,142,4.6,5.6,5,,INTENSITY II - PASIG CITY PASAY CITY MANILA; ALABANG MUNTINLUPA; BATANGAS CITY; MAMBURAO OCCIDENTAL MINDORO; CALAPAN CITY; INTENSITY I - NAUJAN ORIENTAL MINDORO
2011,11,29,8,29,27.35,14.07,119.214,62,4.6,5.6,5,,
2011,12,23,4,27,9.76,13.074,120.313,22,4.8,5.8,5.3,,INTENSITY IV - MAMBURAO ABRA DE ILOG PALUAN OCC MINDORO; PTO GALERA OR MINDORO;BATANGAS CITY; INTENSITY III - MOGPOG MARINDUQUE; MANILA PASIG CITY; INTENSITY II - LUCBAN QUEZON; QUEZON CITY; MUNTINLUPA CITY; MAKATI CITY; PASAY CITY; MARIKINA CITY
2012,3,8,15,30,21.97,13.547,120.32,4,4.8,5.7,5.1,,INTENSITY IV - LOOC OCCIDENTAL MINDORO; INTENSITY III - PTO GALERA ORIENTAL MINDORO; QUEZON CITY; MANILA; MUNTINLUPA CITY; MANDALUYONG CITY; INTENSITY II - NAUJAN ORIENTAL MINDORO; MAKATI CITY; INTENSITY I - LUCBAN
2012,3,8,20,3,11.95,13.507,120.203,5,4.9,5.9,5.3,,INTENSITY IV - LOOC AND LUBANG OCCIDENTAL MINDORO; INTENSITY III - PTO GALERA ORIENTAL MINDORO; QUEZON CITY; MANILA CITY; MUNTINLUPA CITY; INTENSITY II - CALAPAN AN NAUJAN ORIENTAL MINDORO; INTENSITY I - LUCBAN
2012,6,16,22,18,46.16,15.618,119.323,23,5.3,6.3,6,,INTENSITY IV - CANDELARIA SANTA CRUZ MASINLOC SUBIC AND IBA ZAMBALES; DAGUPAN CITY BUGALLON VILLASIS AND BOLINAO PANGASINAN; MAKATI CITY; INTENSITY III - CLARK AND LUBAO PAMPANGA SAN FERNANDO LA UNION; PASAY CITY TAGUIG CITY QUEZON CITY; INTENSITY II - BACOOR CAVITE; PLARIDEL BULACAN; INTENSITY I - TAGAYTAY CITY
2012,7,14,20,12,6.91,14.931,119.464,1,4.7,5.7,5.1,,
2012,8,7,5,3,42.69,13.808,119.755,32,4.7,5.7,5,,INTENSITY III - LUBANG OCCIDENTAL MINDORO; INTENSITY II - PASAY CITY; SAMPALOC MANILA; CLARK PAMPANGA; OLOGAPO CITY; INTENSITY I - QUEZON CITY
2012,9,29,14,12,1.2,13.846,120.538,126,4.8,5.8,5.2,,INTENSITY II - PUERTO GALERA; CALAPAN CITY MINDORO; ABRA DE ILOG OCCIDENTAL MINDORO
2012,10,4,1,55,15.98,13.085,120.327,28,4.9,5.8,5.3,,INTENSITY IV - BATANGAS  CITY; PINAMALAYAN ORIENTAL MINDORO; SAN JOSE OCCIDENTAL MINDORO; INTENSITY III - PASAY CITY; INTENSITY II - QUEZON CITY; MALABON CITY; INTENSITY I - TAGAYTAY CITY
2012,11,23,4,52,39.58,14.149,120.57,196,4.7,5.7,5,,INTENSITY II - NASUGBU BATANGAS
2013,1,14,11,3,26.27,14.988,119.57,14,4.7,5.7,5,,INTENSITY II - PASAY CITY
2013,4,4,2,27,5.49,15.859,121.695,25,,,5.4,,INTENSITY V - BALER AURORA; INTENSITY IV - DINGALAN AURORA; GABALDON PALAYAN CITY CABIAO BONGABON & SAN JOSE NUEVA ECIJA; SANTIAGO CITY & PALANAN ISABELA; BAYOMBONG & DUPAX DEL SUR NUEVA VIZCAYA; INTENSITY III - TARLAC CITY; CABANATUAN CITY NUEVA ECIJA; DAGUPAN CITY PANGASINAN; CAUAYAN CITY ISABELA; INFANTA QUEZON; MANDALUYONG CITY; QUEZON CITY; TAGUIG CITY; PASAY CITY; ANTIPOLO CITY; BACOOR CAVITE; MUNOZ NUEVA ECIJA; STA FE NUEVA VIZCAYA; INTENSITY II- SAN CLEMENTE TARLAC; AGLIPAY & MADDELA QUIRINO; BAGUIO CITY; MANILA CITY; MALOLOS CITY BULACAN; MUNTINLUPA CITY;  VILLA BERDE NUEVA VIZCAYA; INTENSITY I - CLARK PAMPANGA; MAKATI CITY
2014,6,8,4,33,10.88,13.154,120.131,1,4.8,5.7,5.1,,INTENSITY IV- PALUAN OCCIDENTAL MINDORO; INTENSITY III- LUBANG OCCIDENTAL MINDORO
2014,6,25,11,52,2.18,13.547,120.51,40,,,5.8,,INTENSITY V - CALATAGAN BATANGAS; LOOC LUBANG; MAMBURAO SABLAYAN ABRA DE ILOGAND PALUAN OCCIDENTAL MINDORO; PUERTO GALERA ORIENTAL MINDORO; BATANGAS CITY; INTENSITY IV - MALOLOS BULACAN; NAUJAN SAN TEODORO POLA AND SOCORRO ORIENTAL MINDORO; TAGAYTAY CITY; INDANG AND ROSARIO CAVITE; INTENSITY III - QUEZON CITY; PASIG CITY; TAGUIG CITY; MANILA; PARANAQUE CITY; MUNTINLUPA CITY; VALENZUELA CITY; MARIKINA CITY; PASAY CITY; OBANDO BULACAN; BACOOR CAVITE; BACO OR. MINDORO;TALISAY AND TAAL VOLCANO ISLAND; INTENSITY II - BINANGONAN RIZAL; LUCBAN AND LUCENA QUEZON; STA ROSA AND SAN PEDRO LAGUNA; CORON AND BUSUANGA PALAWAN; MAKATI CITY; LAS PINAS CITY; OLONGAPO CITY; GAPAN CITY; SAN ISIDRO NUEVA ECIJA; BUENAVISTA AND BOAC MARINDUQUE; INTENSITY I - CALOOCAN CITY; SAN MATEO RIZAL
2014,9,3,13,43,59.5,15.156,122.428,12,,,5.5,,INTENSITY IV - JOMALIG ISLAND; PATNANUNGAN PANUKULAN AND POLILIO QUEZON; INTENSITY III - QUEZON CITY; MANDALUYONG CITY; GUINAYANGAN QUEZON; GAPAN NUEVA ECIJA; MALOLOS AND OBANDO BULACAN; CAINTA AND MONTALBAN RIZAL; ANTIPOLO CITY; MARIKINA CITY; SAN MATEO RIZAL; DAET CAMARINES NORTE; INTENSITY II- SANTA ROSA AND SANTA CRUZ LAGUNA; TANZA CAVITE; MAKATI CITY; MUNTINLUPA CITY; TAGUIG CITY; MALABON CITY; PASAY CITY; LUCENA CITY; REAL LUCBAN AND SAMPALOC QUEZON; BALER AND MARIA AURORA AURORA; INTENSITY I - BAGUIO CITY
2014,12,31,9,26,23.27,13.724,120.506,107,,,5.4,,INTENSITY III - QUEZON CITY; CALATAGAN BATANGAS
2015,1,10,19,31,59.91,14.74,119.91,48,,,5.9,,INTENSITY V - SAN ANTONIO BOTOLAN SUBIC SAN FELIPE AND SAN NARCISO ZAMBALES; OLONGAPO CITY; INTENSITY IV - PATEROS CITY; PASIG CITY; MANILA CITY;; QUEZON CITY; MAKATI CITY; PARANAQUE CITY; MALABON CITY; PASAY CITY; SAN MATEO BINANGONAN AND MONTALBAN RIZAL; HAGONOY NAD OBANDO BULACAN; DAGUPAN CITY; LINGAYEN PANGASINAN; INDANG AND KAWIT CAVITE; BACOLOR ANGELES CITY AND CLARK PAMPANGA;; MARIVELES BATAAN; PAKIL AND LOS BANOS LAGUNA; INTENSITY III - TAGAYTAY CITY; SAN MIGUEL TARLAC BALER AURORA; GAPAN NUEVA ECIJA; SANTA BARBARA PANGASINAN; INTENSITY II - BAGUIO CITY; BATANGAS CITY; PUERTO GALERA ORIENTAL MINDORO
2015,1,17,5,9,17.75,13.885,120.45,128,,,5.1,,INTENSITY III - PALUAN ORIENTAL MINDORO; INTENSITY II - QUEZON CITY; INTENSITY I - PUERTO GALERA
2015,1,18,0,27,18.92,13.912,120.492,117,,,5,,INTENSITY II - PUERTO GALERA MINDORO ORIENTAL
2015,2,10,16,9,23.09,14.004,120.36,101,4.6,5.6,5,,INTENSITY III - NASUGBU BATANGAS; INTENSITY II - PASAY CITY; MANILA CITY; MUNTINLUPA CITY; QUEZON CITY
2015,6,13,5,3,41.97,13.816,120.489,118,,,5,,
2015,8,9,4,49,43.41,13.434,120.193,17,4.8,5.7,5.1,,
2015,10,19,13,50,42.36,13.842,120.38,89,5.2,6.2,5.8,,INTENSITY V - LOOC
2016,2,5,5,0,45.73,13.781,122.279,3,4.8,5.8,5.2,,INTENSITY V - GUINAYANGAN QUEZON; INTENSITY IV - LOPEZ PITOGO CALUAG & GUMACA QUEZON; INTENSITY III - MULANAY QUEZON
2016,4,19,18,33,26.7,15.589,119.952,33,4.6,5.6,5,,
2016,4,19,22,24,34.55,15.778,119.604,9,4.6,5.6,5,,
2016,9,2,9,7,37.82,13.727,120.541,84,4.6,5.6,5,,
2016,11,10,7,10,59.19,14.843,121.399,9,4.7,5.6,5,,REPORTED INTENSITIES:; INTENSITY V- GENERAL NAKAR & INFANTA QUEZON; INTENSITY IV - ANTIPOLO CITY; ANGONO RIZAL; REAL QUEZON; INTENSITY III - QUEZON CITY; MARIKINA CITY; MANILA CITY; MAKATI CITY; MANDALUYONG CITY PASIG CITY; SAN JUAN CITY; PASAY CITY; TARLAC CITY; SAN MATEO TERESA TANAY & BINANGONAN RIZAL; CALUMPIT BULACAN; INTENSITY II - TAGUIG CITY; PARA?QUE CITY; CALOOCAN CITY; VALENZUELA CITY; PATEROS METRO MANILA BACOOR CAVITE; SAN PEDRO CALAMBA STA. ROSA & LOS BA?S LAGUNA; SAN ILDEFONSO BULACAN; BALER AURORA; GABALDON NUEVA ECIJA; INTENSITY I - PALAYAN CITY; GAPAN CITY NUEVA ECIJA
2017,4,4,12,58,45.13,13.687,120.934,6,5,5.9,5.5,,INTENSITY VI - TINGLOY AND MABINI BATANGAS; BATANGAS CITY; INTENSITY V - MALVAR TAAL BAUAN AND CALATAGAN BATANGAS; INTENSITY IV - SAN NICOLAS  CUENCA LEMERY  AND LIPA CITY BATANGAS; MAKATI CITY; MANILA CITY; ; VALENZUELA CITY; OBANDO BULACAN; SILANG NOVELETA IMUS AMADEO AND INDANG CAVITE; ; TAGAYTAY CITY; CALAMBA SAN PABLO AND LOS BA├æOS LAGUNA;CALAPAN CITY; PUERTO GALERA; ORIENTAL MINDORO; INTENSITY III - SAN JOSE AND TALISAY BATANGAS; NAUJAN PINAMALAYAN ORIENTAL MINDORO; PALUAN; OCCIDENTAL MINDORO; MANDALUYONG CITY; QUEZON CITY; PASIG CITY; LAS PI├æAS CITY; TAGUIG CITY; ; PASAY CITY; GEN. TRIAS ROSARIO MOLINO AND DASMARI├æAS CAVITE ; LUCENA CITY; STA. ROSA LAGUNA;; INTENSITY II - ABRA DE ILOG OCCIDENTAL MINDORO;  MEYCAUAYAN; BULACAN; CALAUAG AND GUMACA QUEZON
2017,4,8,7,7,54.96,13.66,120.881,8,5.3,6.2,5.8,,INTENSITY VII - MABINI BATANGAS; INTENSITY VI - CALATAGAN NASUGBU AND TINGLOY BATANGAS; INTENSITY V - BATANGAS CITY STO. TOMAS AND LEMERY BATANGAS; TAGAYTAY CITY; INTENSITY IV- DASMARINAS CAVITE: LUCENA CITY; PATEROS CITY; INTENSITY III - MAKATI CITY; PASAY CITY; QUEZON CITY; MUNTINLUPA CITY; MALABON CITY; ; MANDALUYONG CITY; BACOOR CAVITE; INTENSITY II - DAET CAMARINES NORTE
2017,4,8,7,9,20.53,13.661,120.884,2,5.4,6.3,6,,INTENSITY VII - MABINI BATANGAS; INTENSITY VI - TINGLOY BAUAN CALATAGAN CUENCA CALACA AND NASUGBU BATANGAS; INTENSITY V - BATANGAS CITY STO. TOMAS SAN PASCUAL AND TANAUAN BATANGAS; SAN PABLO ; LAGUNA;GEN. EMILIO AGUINALDO & INDANG CAVITE; CALAPAN & PUERTO GALERA OR. MINDORO; ; TAGAYTAYCITY; INTENSITY IV- LEMERY & TAAL BATANGAS; OBANDO BULACAN; SAN TEODORO OR. MINDORO; MAMBURAO ; &SAN JOSE OCC. MINDORO; CALOOCAN CITY; VALENZUELA CITY; DASMARINAS CAVITE; STA. CRUZ & ; CALAMBA LAGUNA; LUCENA CITY; PATEROS; MANILA CITY; ; INTENSITY III - MAKATI CITY; PASIG CITY; PASAY CITY; QUEZON CITY; MUNTINLUPA CITY; MALABON CITY; ; MANDALUYONG CITY; TAGUIG CITY; IMUS AND BACOOR CAVITE; LUCBAN SAN ANDRES & SARIAYA ; QUEZON;DAET CAM.NORTE; STA. ROSA LAGUNA; GEN. TRIAS CAVITE; BOCAUE & MALOLOS BULACAN; ; SANFERNANDOPAMPANGA; INTENSITY II - CALUMPIT BULACAN; GUINAYANGAN QUEZON
2017,5,25,14,27,5.07,15.078,120.057,83,5,5.9,5.4,,INTENSITY IV - SAN MARCELINO SAN FELIPE IBA SANTA CRUZ CABANGAN AND CASTILLEJOS ZAMBALES;; LINGAYEN PANGASINAN; DINALUPIHAN & ABUCAY BATAAN; QUEZON CITY; PATEROS; MALOLOS BULACAN;; OBANDO BULACAN; OLONGAPO CITY; INTENSITY III - TAGAYTAY CITY; GAPAN CITY; BOTOLAN PALAUIG & SUBIC ZAMBALES; TALISAY BATANGAS;; SAN JOSE DEL MONTE & MARILAO BULACAN; PASAY CITY; MAKATI CITY; MANDALUYONG; MANILA CITY;; MARIKINA CITY; PARANAQUE CITY; TAGUIG CITY; CALOOCAN CITY; PASIG CITY; VALENZUELA CITY;; SAN MIGUEL TARLAC; BONGABON & ALIAGA NUEVA CIJA; INTENSITY II - PALAYAN CITY; BACOOR CAVITE; CALUMPIT BULACAN; SAN JACINTO PANGASINAN;; CABANATUAN CITY; LUCBAN QUEZON
2017,8,11,5,28,24.86,13.95,120.528,176,5.6,6.5,6.3,,INTENSITY IV - NASUGBU CALATAGAN & BALAYAN BATANGAS; CALAPAN SABLAYAN & ; MAMBURAO OCCIDENTAL MINDORO; CALAPAN AND NAUJAN ORIENTAL MINDORO; MANILA; ; PARANAQUE CITY; PASIG CITY;TAGUIG CITY; PASAY CITY; ROSARIO MARAGONDON NOVELETA & ; DASMARINAS CAVITE; FLORIDABLANCA PAMPANGA; OLONGAPO CITY; SUBIC & IBA ZAMBALES; ; ALAMINOS CITY PANGASINAN; BOAC MARINDUQUE; BINAN LAGUNA; INTENSITY III - PUERTO GALERA ORIENTAL MINDORO; ABRA DE ILOG AND SAN JOSE OCCIDENTAL ; MINDORO; TAGAYTAY CITY; CANLUBANG & CALAMBA LAGUNA; INDANG & ALFONSO CAVITE; ; BOCAUE MALOLOS OBANDO & BALAGTAS BULACAN; DAGUPAN CITY; DAU PAMPANGA; ; LINGAYEN AND BOLINAO PANGASINAN; BAGAC BATAAN; BAGUIO CITY; PATEROS; QUEZON CITY; ; MAKATI CITY; SAN JUAN CITY; MARIKINA CITY; CAINTA & SAN MATEO RIZAL; LUCBAN QUEZON; INTENSITY II - MAGSAYSAY OCCI. MINDORO; STA ROSA LAGUNA; GASAN MARINDUQUE; ; MAGALANG PAMPANGA; STO. TOMAS AND TANAUAN CITY BATANGAS; INTENSITY I - TALISAY BATANGAS; PANTABANGAN NUEVA ECIJA; MEYCAUAYAN BULACAN; ATOK; BENGUET
2017,9,23,13,30,32.09,13.701,120.577,157,4.7,5.7,5,,INTENSITY III- PALUAN OCCIDENTAL MINDORO; MORONG BATAAN; INTENSITY II - CALATAGAN BATANGAS; MAMBURAO OCCIDENTAL MINDORO; CALAPAN ORIENTAL MINDORO
2017,10,22,14,21,0.2,13.97,120.52,203,4.9,5.9,5.4,,INTENSITY III - LOOC OCCIDENTAL MINDORO; INTENSITY II - LIAN CALATAGAN & NASUGBU BATANGAS; MALABON CITY; NAVOTAS CITY; OLONGAPO CITY;; BACOOR CITY CAVITE; BANI PANGASINAN; PALAYAN NUEVA ECIJA; INTENSITY I - TAGAYTAY CITY; MARAGONDONCAVITE
2018,1,14,15,20,25.67,13.284,120.246,7,4.7,5.7,5.1,,INTENSITY IV- ABRA DE ILOG MAMBURAO AND PALUAN OCCIDENTAL MINDORO; INTENSITY III- SABLAYAN OCCIDENTAL MINDORO; INTENSITY II- CALAPAN CITY; POLA PINAMALAYAN PUERTO GALERA SAN TEODORO AND SOCORRO ORIENTAL; MINDORO; LUBANG OCCIDENTAL MINDORO; CALATAGAN AND IBAAN BATANGAS; TAGAYTAY CITY; PASAY ; CITY; QUEZON CITY; MALOLOS BULACAN; INTENSITY I- CORON PALAWAN; NASUGBU BATANGAS; AMADEO CAVITE
2018,1,14,15,49,21.66,13.276,120.228,5,4.8,5.8,5.2,,INTENSITY IV- MAMBURAO AND PALUAN OCCIDENTAL MINDORO; INTENSITY III- LUBANG OCCIDENTAL MINDORO; CALAPAN CITY; PINAMALAYAN; PUERTO GALERA AND SOCORRO ORIENTAL MINDORO; TAGAYTAY CITY; PARA├æAQUE CITY; QUEZON CITY; INTENSITY II- SAN TEODORO ORIENTAL MINDORO; CITY OF MANILA; CALATAGAN AND IBAAN BATANGAS;; AMADEO CAVITE; INTENSITY I- BACOOR CITY; GEN. TRIAS CITY; NASUGBU BATANGAS; MORONG BATAAN
2018,6,17,9,46,23.63,14.973,119.642,16,5,5.9,5.4,,INTENSITY IV- BOTOLAN IBA SAN FELIPE SAN NARCISO AND SAN MARCELINO ZAMBALES; INTENSITY III- OLONGAPO CITY; CASTILLEJOS AND SUBIC ZAMBALES; BALANGA BATAAN; CAINTA RIZAL; MARIKINA CITY; INTENSITY II - CITY OF MANILA; MANDALUYONG CITY; PASAY CITY; PASIG CITY; QUEZON CITY; MARIVELES BATAAN; HAGONOY BULACAN
2018,7,3,4,25,53.56,13.999,120.371,125,4.8,5.8,5.2,,INTENSITY IV - NASUGBU BATANGAS; ABRA DE ILOG AND LUBANG  OCCIDENTAL MINDORO; INTENSITY III - BALAYAN CALATAGAN TALISAY AND  TUY BATANGAS;  MABALACAT CITY; MAKATI CITY; MANDALUYONG CITY; PASAY CITY; QUEZON CITY; TAGAYTAY CITY; PUERTO GALERA ; ORIENTAL MINDORO; LOOC AND MAMBURAO OCCIDENTAL MINDORO; MARAGONDON AND TANZA CAVITE; INTENSITY II - CITY OF MANILA; PARA├æAQUE CITY; MALOLOS CITY; OBANDO AND PLARIDEL BULACAN;
2018,8,31,14,40,27.26,13.579,120.716,110,5,5.9,5.5,,INTENSITY IV - ABRA DE ILOG OCCIDENTAL MINDORO; PUERTO GALERA ORIENTAL MINDORO; INTENSITY III - LOOC LUBANG MAMBURAO SABLAYAN AND SANTA CRUZ OCCIDENTAL MINDORO; BACO AND SAN TEODORO ORIENTAL MINDORO;; INTENSITY II - PASIG CITY; QUEZON CITY; CALAPAN CITY; GLORIA NAUJAN POLA ROXAS AND SOCORRO ORIENTAL MINDORO; INTENSITY I - MANILA CITY; MUNTINLUPA CITY; PASAY CITY; TAGAYTAY CITY
2019,2,6,10,25,0,15.91,120.31,131,,,5.5,,INTENSITY V - AGUILAR ALAMINOS CITY BOLINAO SAN CARLOS CITY MALASIQUI AND VILLASIS PANGASINAN; SAN FERNANDO LA UNION; INTENSITY IV - BAGUIO CITY; LINGAYEN MANGALDAN LABRADOR AND BINMALEY PANGASINAN; NAGUILIAN AND AGOO LA UNION; INTENSITY III - ITOGON BENGUET; BAUTISTA AND SAN MANUEL PANGASINAN; DAGUPAN CITY ; OLONGAPO CITY; SAN FELIPE ZAMBALES; OBANDO BULACAN; CABA AND BAUANG LA UNION; CAPAS TARLAC; INTENSITY II - SUBIC ZAMBALES; MANDALUYONG CITY; MANILA CITY; PASAY CITY; QUEZON CITY
2019,3,16,9,58,0,13.6,120.63,114,,,5.2,,"INTENSITY III - ABRA DE ILOG OCCIDENTAL MINDORO; CALACA BATANGAS; INTENSITY II - PUERTO GALERA ORIENTAL MINDORO; PARAÃ‘AQUE CITY; ST-FONT-FAMILY:""TIMES NEW ROMAN"";COLOR:BLUE'>  MANILA CITY; QUEZON CITY; BAUAN BATANGAS; MARIVELES BATAAN; BAILEN CAVITE; MUNTINLUPA CITY; TAGAYTAY CITY; INTENSITY I - PALUAN OCCIDENTAL MINDORO"
2019,4,22,9,11,0,15.02,120.34,10,,,6.1,,INTENSITY VII - LUBAO PAMPANGA;; INTENSITY VI - SAN MARCELINO AND SUBIC ZAMBALES; FLORIDABLANCA AND PORAC PAMPANGA; ANGELES CITY; OLONGAPO CITY;; INTENSITY V - CASTILLEJOS IBA AND SAN FELIPE ZAMBALES; MAGALANG MEXICO CANDABA AND SAN FERNANDO PAMPANGA; ABUCAY BALANGA AND MARIVELES BATAAN; MALOLOS CALUMPIT AND OBANDO BULACAN; INDANG CAVITE; STO. DOMINGO NUEVA ECIJA; LIPA CITY; MAKATI CITY; MANDALUYONG CITY; MANILA CITY; QUEZON CITY; PASAY CITY; SAN JUAN CITY; TAGUIG CITY; TARLAC CITY; VALENZUELA CITY;; INTENSITY IV - MEYCAUAYAN PLARIDEL AND SAN JOSE DEL MONTE BULACAN; SAN RAFAEL TARLAC; ROSALES AND VILLASIS PANGASINAN; ITOGON AND LA TRINIDAD BENGUET; KASIBU NUEVA VIZCAYA; GABALDON NUEVA ECIJA; SAN MATEO AND RODRIGUEZ RIZAL; BACOOR IMUS AND MARAGONDON CAVITE; NASUGBU BATANGAS; ANTIPOLO CITY; BAGUIO CITY; CALOOCAN CITY; LAS PIÃ‘AS CITY; MARIKINA CITY; PASIG CITY; PARAÃ‘AQUE CITY; TAGAYTAY CITY;; INTENSITY III - MARILAO BULACAN; SANTO DOMINGO AND TALAVERA NUEVA ECIJA; MADDELA QUIRINO; DINGALAN AURORA; INFANTA AND LUCBAN QUEZON; SANTA CRUZ LAGUNA; CARMONA DASMARIÃ‘AS GENERAL TRIAS AND SILANG CAVITE; LEMERY SAN NICOLAS AND TALISAY BATANGAS; CABANATUAN CITY; CALAMBA CITY; GAPAN CITY; MUNTINLUPA CITY; PALAYAN CITY;; INTENSITY II - BALER AURORA;
2019,9,13,8,28,0,15.1,122.23,55,,,5.3,,INTENSITY V- BURDEOS POLILLO AND INFANTA QUEZON; LOS BAÃ‘OS AND PAKIL LAGUNA; INTENSITY IV - JOSE PANGANIBAN CAMARINES NORTE; QUEZON CITY; MARIKINA CITY; STA. CRUZ CALAMBA LAGUNA; MAUBAN ALABAT AND GENERAL NAKAR QUEZON; MAKATI CITY; INTENSITY III - GUINAYANGAN QUEZON; MUNTINLUPA CITY; MANILA CITY; SAN JOSE DEL MONTE BULACAN; BACOOR CAVITE; MADDELA QUIRINO; SAN MATEO RIZAL; BALER AURORA; LUCENA CITY; TAGUIG CITY; PASIG CITY; CAINTA RIZAL; SINILOAN LAGUNA; OBANDO BULACAN; INTENSITY II- DINGALAN AURORA; MANDALUYONG CITY; APALIT PAMPANGA; LUCBAN AND LOPEZ QUEZON; LIPA CITY; PLARIDEL BULACAN; INTENSITY I- SAN ISIDRO NUEVA ECIJA; GAPAN CITY; MEYCAUAYAN BULACAN; BATANGAS CITY
2019,11,6,20,52,0,14.98,122.65,7,,,5.5,,INTENSITY V -  JOMALIG AND ALABAT QUEZON; INTENSITY IV - GUINAYANGAN QUEZON; TALISAY AND VINZONS CAMARINES NORTE; INTENSITY III - REAL GENRAL NAKAR AND LOPEZ QUEZON; INTENSITY II - MARIKINA CITY; NAVOTAS CITY; QUEZON CITY; ANTIPOLO CITY; PASAY CITY; LUCBAN AND GUMACA QUEZON; PLARIDEL BULACAN; NAGCARLAN LAGUNA; INTENSITY I- MUNTINLUPA CITY; DINALUPIHAN BATAAN
2020,5,9,19,18,12,14.03,120.22,82,,,,5.4,"Intensity V - Lubang, Occidental Mindoro; Intensity IV - Taal & Lemery, Batangas; General Trias & City of Imus, Cavite; Obando, Bulacan; Makati City, City of; Manila, Navotas City, Las Piñas City &; Parañaque City; Intensity III - Looc & Mamburao, Occidental Mindoro; Calapan City & Puerto Galera, Oriental Mindoro; Calatagan &; Lipa City, Batangas; Malabon City, Mandaluyong City, Pasay City, Pateros, Quezon City, Marikina City, Pasig City, Muntinlupa City,; Valenzuela City & Taguig City; Tagaytay City,; Bacoor City & Dasmariñas City, Cavite; Meycauayan & San Jose Del Monte, Bulacan; Lubao, Pampanga; Intensity II - San Juan City & Caloocan City; Gapan City, Palayan City & Cabanatuan City, Nueva Ecija; Baler,; Aurora; Alaminos City, Pangasinan; Intensity I - San Jose City & Science City of Muñoz, Nueva Ecija; Guinayangan, Quezon; Instrumental Intensities: Intensity IV - Calatagan, Batangas; Malolos City, and San Ildefonso, Bulacan; Navotas City; Intensity III - Calapan City, Oriental Mindoro; Talisay, Batangas; Bacoor City, and Tagaytay City, Cavite; Muntinlupa; City; Guagua, Pampanga; Intensity II - Magalang, Pampanga; San Juan City; Intensity I - San Jose, Occidental Mindoro; Palayan City, and San Jose City, Nueva Ecija; Gumaca, Quezon; Baler,; Aurora"
2020,5,23,2,10,24,15.57,121.52,7,,,,5.1,"Intensity VI - San Luis & Baler, Aurora; Intensity V - Dipaculao, & Maria Aurora, Aurora; Intensity IV - Casiguran, & Dingalan, Aurora; Gabaldon, and City of Palayan, Nueva Ecija; Intensity III - Pantabangan, & Rizal, Nueva Ecija; Obando, Bulacan; Mabalacat City, Pampanga; Nagtipunan,; Quirino; Villasis, Pangasinan; City of Paranaque; City of Antipolo, Rizal; Intensity II - City of Cabanatuan, Santa Rosa, & Santo Domingo, Nueva Ecija; City of Malolos, & Plaridel, Bulacan; City of Baguio; City of Manila; City of Malabon; City of Navotas; Quezon City; City of Valenzuela; City of Makati; General Nakar, Quezon; Intensity I - City of Gapan, Nueva Ecija; Guinayangan, Quezon; Binangonan, Rizal; Instrumental Intensities: Intensity IV - City of Palayan, Nueva Ecija; Intensity III - San Ildefonso, Bulacan; City of Santiago, Isabela; Intensity II - City of Cabanatuan, & San Jose City, Nueva Ecija; City of Malolos, Bulacan; City of Baguio; City of; Navotas; Intensity I - Guagua, Pampanga; City of Dagupan; City of Malabon; City of Marikina; Quezon City; Guinayangan, &; Mauban, Quezon; City of Iriga, Camarines; Sur"
2020,5,28,5,17,30,16.72,120.2,57,,,,5.2,"Intensity IV - San Fernando, Caba, Tubao, Agoo, Naguilian, Aringay, San Juan, Bacnotan, Luna & Balaoan, La; Union; Labrador & Bolinao, Pangasinan; Dagupan City; Tuba & La Trinidad, Benguet; Intensity III - Tayug, Santol, San Gabriel, Pugo, Sudipen & Bauang, La Union; Urdaneta City, Alaminos City,; Puzzorubio, Asingan & Villasis, Pangasinan; Baguio City; Santa Lucia, Tagudin, Sta. Cruz, Sugpon & Vigan City, Ilocos Sur; Itogon, Benguet; Tarlac City; Asingan, Pozurrubio, Tayug, Binalonan, Sison & San; Fabian, Pangasinan; Obando, Bulacan; Quezon City; Marikina City; Intensity II - San Nicolas, City of Laoag & Batac, Ilocos Norte; City of Candon, San Domingo, Santa, Bantay,; Caoayan, San Juan, Cabugao, Masingal, Alilem,; Banayoyo, Burgos, Cervantes, Gregorio del Pilar, Galimuyod, Lidlidda, Quirino, Salcedo, San Emilio, San Esteban, San; Ildefenso, San Vicente, Santiago, Sigay,; Santa Catalina, Santa Maria & Sinait, Ilocos Sur; San Fernando, Pampanga; Valenzuela City; Caloocan City; Navotas; City; Pasay City; Parañaque City; City of Manila; City of San Jose Del Monte, Bulacan;Cainta, Rizal; Intensity I - Bacarra, Ilocos Norte; Instrumental Intensities: Intensity III - Dagupan City; Intensity II - Vigan City; Baguio City; San Jose, Nueva Ecija; Intensity I - City of Laoag, Ilocos Norte; Pasuquin, Ilocos Norte; Palayan City; Sinait, Ilocos Sur; Cabanatuan City; Guagua, Pampanga; Baler, Aurora; San Ildefonso, Bulacan"
2020,6,5,13,37,56,12.74,121.07,15,,,,5.1,"Intensity IV - Calintaan, and San Jose, Occidental Mindoro; Pinamalayan, and; Roxas, Oriental Mindoro; Intensity III - Santa Cruz and Sablayan, Occidental Mindoro; Bansud, Mansalay, and City of Calapan, Oriental; Mindoro; Odiongan, and San Agustin, Romblon; Ibajay, Malay and Nabas, Aklan; Boac, Marinduque; Caluya, Antique; Intensity II - Abra de Ilog, Occidental Mindoro; Puerto Galera, Oriental Mindoro; Malinao, Numancia, and Tangalan,; Aklan; Intensity I - Guinayangan, Quezon; Instrumental Intensities: Intensity IV - Roxas, Oriental Mindoro; San Jose, Occidental Mindoro; Intensity III - Malay, Aklan; Intensity II - Malinao, Aklan; Pandan, and Sebaste, Aklan; Intensity I - Puerteo Galera, Oriental Mindoro; Culasi, Antique; Lopez, Mauban, and Guinayangan, Quezon"
2020,10,4,18,16,53,13.66,120.55,120,,,,5.6,"Intensity IV - Looc, Lubang, Mamburao, Paluan, Abra de Ilog and Sablayan, Occidental Mindoro; Calapan City, San; Teodoro and Baco Oriental Mindoro; Tingloy and Calatagan, Batangas; Intensity III - Tagaytay City; Alfonso, Cavite; Pinamalayan, Oriental Mindoro; San Pascual, Bauan, Mabini, Padre; Garcia and Alitagtag, Batangas; Intensity II - Amadeo and Mendez, Cavite; Bansud, Socorro and Victoria, Oriental Mindoro; Calintaan and; Magsaysay, Occidental Mindoro; Makati City; Quezon City; Mandaluyong City; Malabon City; Muntinlupa City; Pasig City; Taguig City; Biñan, Laguna; Intensity I - Tanauan, Batangas; Mariveles, Bataan; Instrumental Intensity: Intensity V - Calatagan, Batangas; Intensity IV - Puerto Galera, Oriental Mindoro; Intensity III - San Jose, Occidental Mindoro; Roxas, Oriental Mindoro; Tagaytay City; Nasugbu, Batangas; Intensity II - Bacoor City; Carmona, Maragondon and Indang Cavite; Las Piñas City; Muntinlupa City; Calumpit and; Plaridel, Bulacan; Dolores, Quezon; Intensity I - Marikina City; Quezon City; San Juan City; Gumaca and Mauban, Quezon; Marilao and San Rafael,; Bulacan; Talisay, Batangas; Gumaca, Lucban; and Mauban, Quezon; Marilao and San Rafael, Bulacan; Guagua, Pampanga;"
2020,10,16,20,6,24,13.58,120.11,29,,,,5.4,"Intensity V - Looc and Lubang, Occidental Mindoro; Intensity IV - Abra de Ilog and Sablayan, Occidental Mindoro; Calapan City, Oriental Mindoro; Lian, Lemery and; Tingloy, Batangas;Tagaytay City, Mendez,; Amadeo and Alfonso, Cavite; Intensity III - Puerto Galera, Oriental Mindoro; Paluan, Rizal and Mamburao, Occidental Mindoro; Biñan and; Cabuyao, Laguna; City of; Manila; Muntinlupa City; Makati City; Quezon City; Pasig City; Cainta, Rizal; Intensity II - Soccoro, Pinamalayan, Bansud, Naujan and San Teodoro, Oriental Mindoro; San Pascual, Batangas; Indang, Cavite; Marikina City; Malabon City; Meycauayan City, Bulacan; Floridablanca, Pampanga; Intensity I - Pola, Oriental Mindoro; Calintaan, Occidental Mindoro; Instrumental Intensities: Intensity IV - Calatagan, Batangas; Tagaytay City; Intensity III - Talisay, Batangas; Carmona, Cavite; Marilao, Bulacan; Intensity II - Puerto Galera, Oriental Mindoro; Bacoor City, Cavite; Muntinlupa City; Las Pinas City; Marikina City; Quezon City; Plaridel, Malolos City, Calumpit; and San Rafael, Bulacan; Intensity I - Mauban, Gumaca, and Lopez, Quezon; Cabanatuan City; Palayan City"
2020,10,29,5,25,43,13.75,120.86,4,,,,5,"Intensity IV- Mabini, San Luis, Lemery, Rosario, Agoncillo, Calatagan, Balayan, Bauan, Sta. Teresita, Batangas; Tagaytay City, Alfonso, & Amadeo, Cavite; Intensity III- Batangas City; Malvar, Talisay, Tanauan, Alitagtag Batangas; San Pablo, Laguna; Tiaong, Quezon; Intensity II- Quezon City; Mandaluyong City; Navotas City; Majayjay, Laguna; Dolores, Quezon; Bansud,; Pinamalayan, Puerto Galera, & San Teodoro, Oriental; Mindoro; Intensity I- Malabon City; Pasay City; Sta. Cruz, Laguna; Baco, & Socorro, Oriental Mindoro; Instrumental Intensities: Intensity IV- Calatagan, Batangas; Tagaytay City; Intensity II- Muntinlupa City; Dolores, Quezon; Intensity I- Quezon City; Carmona and Bacoor City, Cavite; Mauban, Quezon; Talisay, Batangas"
2020,12,24,23,43,41,13.76,120.53,107,,,,6.3,"Intensity VI- Lubang, Occidental Mindoro; Intensity V- Calatagan, Balayan, Nasugbu, Batangas City, Calaca and San Luis, Batangas; Looc, Occidental Mindoro; Tagaytay City, Amadeo, Indang, Kawit; and Alfonso, Cavite; Biñan, Laguna; Intensity IV -Abra de Ilog and Paluan, Occidental Mindoro; Taal, San Jose, San Pascual, Lemery, Malvar and Ibaan,; Batangas; Maragondon and Carmona,; Cavite; San Pedro, Laguna; City of Manila; Marikina City; Quezon City; Cainta, San Mateo and Antipolo City, Rizal; Pasig City; Makati City; Las Piñas City; Pateros; Obando, Malolos and Meycauyan, Bulacan; Subic and San Felipe, Zambales; Alaminos, Pangasinan; Santo; Tomas, La Union; City of Mabalacat,; Pampanga; Intensity III - Talisay and Santo Tomas, Batangas; Puerto Galera, Pinamalayan, Naujan, San Teodoro and Calapan,; Oriental Mindoro; Paluan, Occidental; Mindoro; Caloocan City; Tanay, Rizal; San Jose Del Monte City and Plaridel, Bulacan; San Jose City and Gapan City,; Nueva Ecija; Cabangan and Iba,; Zambales; Samal, Bataan; Floridablanca and Santa Ana, Pampanga; Valenzuela City; Malabon City; Santa Rosa,; Laguna; Intensity II - San Isidro, Nueva Ecija; Lucban and Guinayangan, Quezon; Doña Remedios Trinidad, Bulacan; Intensity I- Villasis, Pangasinan; Lucena City, Quezon; Instrumental Intensities: Intensity IV - Bacoor City; Tagaytay City; Carmona, Cavite; Plaridel, Calumpit, San Ildefonso, San Rafael, and; Malolos, Bulacan; Guagua, Pampanga; Puerto; Galera, Oriental Mindoro; Las Piñas City; Navotas City; Paranaque City; Malabon City; Mandaluyong City; Intensity III - Tagaytay City; Talisay, Batangas; San Jose, Occidental Mindoro; Dagupan City; Quezon City; Pasig; City; Muntinlupa City; Marikina City; San Juan; City; Cabanatuan City; Calapan, Oriental Mindoro; Intensity II - Roxas, Oriental Mindoro; Lucban, Quezon; Baler, Aurora; Palayan City; San Isidro, Nueva Ecija; Intensity I - San Jose, Nueva Ecija; Gumaca, Lopez and Lucena City, Quezon"
2020,12,25,10,4,32,13.36,122.31,4,,,,5.2,"Intensity V - San Francisco and Mulanay, Quezon; Intensity IV - San Andres, Catanauan and San Narciso, Quezon; Intensity III - Boac, Marinduque; Malabon City; Intensity II - Guinayangan, Quezon; Ocampo, Camarines Sur; Intensity I - Lucban, Quezon; Instrumental Intensities: Intensity III - Gumaca, Quezon; Intensity II - Lopez, Quezon; Legazpi City; Mercedes, Camarines Norte; Intensity I - Lucena City; Dolores, Lucban and Guinayangan, Quezon; Jose Panganiban, Camarines Norte; Sipocot,; Camarines Sur"
2021,3,11,7,24,35,15.78,119.25,13,,,5.1,,"Intensity IV - Santa Cruz, Zambales; Intensity III - Candelaria, Zambales; Infanta, Pangasinan; Intensity II - Masinloc, Zambales"
2021,4,13,18,39,55,13.9,120.57,198,,,,5,"Instrumental Intensity: Intensity I - Calatagan, Batangas"
2021,5,12,1,9,27,13.52,120.65,108,,,,5.8,"Intensity V-Lubang and Mamburao, Occidental Mindoro; Calaca and Calatagan, Batangas; Intensity IV-Abra De Ilog and San Jose, Occidental Mindoro; Lemery, Mabini, Malvar and Tingloy, Batangas; Cabuyao; and Famy, Laguna; Calapan City; Puerto Galera and San Teodoro, Oriental Mindoro; Intensity III-Agoncillo, Balete, Bauan, Cuenca, San Pascual and Talisay, Batangas; Batangas City; Lipa City,; Obando, Bulacan; Amadeo, Bacoor, Carmona,; Dasmarinas, Imus, Indang and Mendez, Cavite; Tagaytay City; Biñan, Calamba and San Pedro, Laguna; Paluan and; Santa Cruz, Occidental Mindoro; Baco,; Oriental Mindoro; Boac, Marinduque; Makati City; Mandaluyong City; City of Manila; Muntinlupa City; Parañaque City; Pasay City; Pasig City; Quezon City; Taguig City; Cainta, Rizal; Intensity II-Taysan, Batangas; Plaridel, Bulacan; Cavite City; Nagcarlan, Pakil, Rizal and Santa Cruz, Laguna; Caloocan City; Las Piñas; Malabon City; Marikina; City; Navotas City; Pinamalayan, Oriental Mindoro; Lucena City, Mulanay, Quezon; Binangonan, Rizal; Olongapo City; Intensity I-Lucban and San Francisco, Quezon; San Mateo, Rizal; INSTRUMENTAL INTENSITIES: Intensity V-Calatagan, Batangas; Lubang, Occidental Mindoro; Intensity IV-Puerto Galera, Oriental Mindoro; Intensity III -Carmona, Cavite; Tagaytay City; Muntinlupa City; San Jose, Occidental Mindoro; Calapan City; Quezon; City,; Intensity II-Calumpit, Marilao and Plaridel, Bulacan; Las Piñas City; Malabon City; Mandaluyong City; Marikina City; Pasig City; Dolores and Gumaca,; Quezon; Olongapo City; Intensity I-Baler, Aurora; San Jose City, Nueva Ecija; Guagua, Pampanga; Infanta, Lopez, Lucban and Polillo,; Quezon"
2021,5,23,4,41,32,14.76,119.17,33,,,,5,"Intensity III - San Antonio and Botolan, Zambales; Intensity II - San Felipe, San Marcelino, and San Narciso, Zambales and Olongapo City; Intensity I - Quezon City; Instrumental Intensities: Intensity I - Marikina City; Olongapo City"
2021,7,23,20,48,59,13.71,120.57,111,,,,6.6,"Intensity VI - Calatagan, Batangas; Looc, Lubang and Mamburao, Occidental Mindoro; Intensity V - Balayan, Bauan, Calaca, Lemery, Mabini, Nasugbu, San Pascual, Taal and Tingloy, Batangas; Abra De; Ilog, Magsaysay, Paluan and Sablayan,; Occidental Mindoro; Calapan City, Puerto Galera and San Teodoro, Oriental Mindoro; Carmona and Dasmariñas City,; Cavite; Intensity IV - Batangas City, Lipa City, Santo Tomas, and Talisay, Batangas; Calintaan, Occidental Mindoro; Bongabong, Bulalacao, Gloria, Mansalay, Naujan,; Pinamalayan and Pola, Oriental Mindoro; Malolos City, Meycauayan, Obando and Plaridel, Bulacan; Amadeo, Indang; and Mendez, Cavite; Santa Rosa,; Laguna; Boac, Marinduque; Malabon City; City of Manila; Marikina City; Navotas City; Pasay City; Pateros; Quezon; City; Valenzuela City; Hermosa, Bataan; Intensity III - San Jose Del Monte City, Bulacan; Cavinti and Los Baños, Laguna; Las Piñas City; Makati City; Mandaluyong City; Pasig City; Taguig City; Dolores; and Tayabas, Quezon; Binangonan, Rodriguez and San Mateo, Rizal; Intensity II - Caloocan City; Alaminos City, Pangasinan; Lucban, Mulanay and San Francisco, Quezon; Tanay, Rizal; Intensity I - Kalibo and Malinao, Aklan; Coron and Cuyo, Palawan; Guinayangan, Quezon; Instrumental Intensities: Intensity V - Calapan City and Puerto Galera, Oriental Mindoro; Intensity IV - Batangas City, Batangas; Calumpit, Plaridel and Bulacan; Carmona and Tagaytay City, Cavite; Intensity III - Malolos City, Marilao, Pandi, San Ildefonso and San Rafael, Bulacan; Las Piñas City; Malabon City; Marikina City; Muntinlupa City; Navotas City; Pasig City; Quezon City; Intensity II - San Juan City; Dagupan City, Pangasinan; Lucban and Polillo, Quezon; Intensity I - Kalibo, Aklan; Daet, Camarines Norte; Iriga City and Sipocot, Camarines Sur; Iloilo City, Iloilo; Bago City,; Negros Occidental; Palayan City, Nueva; Ecija; Magalang, Pampanga; Guinayangan and Mulanay, Quezon"
2021,7,23,20,57,18,13.74,120.54,101,,,5.5,,"Intensity V - Calatagan, Batangas; Intensity IV - Balayan, Calaca, Lemery, Mabini, Nasugbu and Tingloy, Batangas; Intensity III - Hermosa, Bataan; Batangas City, Bauan, San Pascual and Taal, Batangas; Amadeo, Naic and; Tagaytay City, Cavite; Santa Rosa, Laguna; Makati City; Manila City; Pateros; Quezon City; Lubang and Mamburao,; Occidental Mindoro; Gloria, Puerto Galera and San Teodoro, Oriental Mindoro; Intensity II - Lipa City, Batangas; Cavinti and Los Baños, Laguna; Boac, Marinduque; Malabon City; Mandaluyong; City; Navotas City; Pasay City; Valenzuela City; Calintaan and Magsaysay, Paluan, Occidental Mindoro; Bulalacao,; Naujan and Pinamalayan, Oriental Mindoro; Dolores and Tayabas City, Quezon; Binangonan and Rodriguez, Rizal; Intensity I - Guinayangan and Lucban, Quezon; Instrumental Intensities: Intensity IV - Calatagan, Batangas; Intensity III - Calumpit, Malolos City, Plaridel and San Ildefonso, Bulacan; Calapan City, Oriental Mindoro; Intensity II - Batangas City, Batangas; Marilao, Pandi and San Rafael, Bulacan; Bacoor and Carmona, Cavite; Las; Piñas City; Malabon City; Mandaluyong City; Marikina City; Navotas City; Pasig City; Intensity I - Quezon City; San Juan City; Guinayangan, Gumaca, Infanta, Lucban and Mulanay, Quezon"
2021,8,13,15,8,30,13.66,120.57,124,,,,5.8,"Intensity IV - Calatagan, Batangas; Puerto Galera, Baco, City of Calapan, Roxas and San Teodoro, Oriental Mindoro; Paluan, Looc and Lubang, Occidental; Mindoro; Lipa City, Lemery and Taal, Batangas; Biñan, Laguna; Intensity III - Pasig City; City of Parañaque; City of Manila; Quezon City; Caloocan City; Mandaluyong City and; Valenzuela City; Mamburao and Abra de Ilog,; Occidental Mindoro; Plaridel and Obando, Bulacan; Batangas City; Tanza, Cavite; Intensity II - Meycauayan City and City of Malolos, Bulacan; Pateros; Makati City; Pasay City; Antipolo City, Rizal; Tagaytay City, Cavite; San Jose, San Pascual,; Bauan, Agoncillo, San Luis and Talisay, Batangas; Mulanay, Quezon; Intensity I - Malabon City; Alitagtag, Batangas; Instrumental Intensities: Intensity IV - Calapan City, Oriental Mindoro; Intensity III - Roxas, Oriental Mindoro; Batangas City, Batangas; Plaridel, Bulacan; Tagaytay City, Cavite; Dolores,; Quezon; Intensity II - Calumpit and Malolos City, Bulacan; Guagua, Pampanga; Carmona and Bacoor City, Cavite; Mulanay,; Quezon; Mandaluyong City; Intensity I - Infanta and Lopez, Quezon; Las Piñas; Pasig City; Quezon City; Marikina City; San Juan City; Malabon; City; San Rafael and Marilao, Bulacan"
2021,9,26,17,12,4,13.82,120.35,66,,,,5.7,"Intensity IV - Looc, Abra De Ilog, Lubang, Sablayan and Mamburao, Occidental Mindoro; Calatagan, Lemery, Lian,; Lipa City, Malvar, Mataas na Kahoy,; Balayan, Taal, Tuy, Bauan, Mabini, and Nasugbu, Batangas; Pola, Calapan City, Baco, Gloria, Rizal, Naujan and; Puerto Galera, Oriental Mindoro; Malolos City; and Obando, Bulacan; Cavite City, General Trias City, Naic, Amadeo, Bacoor City, Dasmariñas City, Tagaytay City; and Tanza, Cavite; Biñan City and; Cabuyao City, Laguna; Las Piñas City; Malabon City; Mandaluyong City; Caloocan City; City of Manila; Marikina City; Muntinlupa City; Parañaque City; San; Juan City; Taguig City; Pateros, Metro Manila; San Mateo and Taytay, Rizal; Intensity III - Santo Tomas City and Tingloy, Batangas; Makati City; Pasay City; Pasig City; Quezon City; Valenzuela; City; Santa Cruz, Occidental Mindoro; Antipolo City; Bansud, and Socorro, Oriental Mindoro; Boac, Marinduque; Floridablanca, Pampanga; Intensity II - Los Baños, Laguna; Palayan City and Gapan City, Nueva Ecija; Intensity I - Arayat, Pampanga; INSTRUMENTAL INTENSITIES; Intensity V - Tagaytay City, Cavite; Intensity IV - Batangas City and Calatagan, Batangas; Malolos City, Marilao and Plaridel, Bulacan; Carmona, Cavite; Malabon City; Muntinlupa City; Calapan; City and Puerto Galera, Oriental Mindoro; Intensity III - Pandi, Bulacan; Las Piñas City; Marikina City; Pasig City; San Juan City; Guagua, Pampanga; Dolores,; Quezon; Olongapo City, Zambales; Intensity II - Baler, Aurora; Doña Remedios Trinidad, Bulacan; Makati City; Mandaluyong City; Intensity I - Cabanatuan City and Palayan City, Nueva Ecija; Dagupan City, Pangasinan; Lopez, Lucban and; Guinayangan, Quezon; San Jose de Buenavista,; Antique"
2021,10,2,21,59,26,12.84,120.86,3,,,,5.3,"Intensity VI- Sablayan, Occidental Mindoro; Intensity IV- Calintaan, Occidental Mindoro; Intensity III- Santa Cruz and Abra De Ilog, Occidental Mindoro; Intensity II- Lubang, Magsaysay and Mamburao Occidental Mindoro; Roxas, Pinamalayan, Bongabong, Socorro, San; Teodoro, Gloria, Baco and Calapan City,; Oriental Mindoro; Boac, Marinduque; Instrumental Intensities: Intensity III- San Jose, Occidental Mindoro; Intensity II - Puerto Galera, Oriental Mindoro; Batangas City; Intensity I- Mulanay and Mauban, Quezon; Tagaytay City"
2021,10,7,18,14,52,13.94,120.49,131,,,,5.2,"Intensity II - Calatagan, Batangas; Lubang and Looc, Occidental Mindoro; Intensity I- Santa Cruz, Occidental Mindoro; Puerto Galera, Oriental Mindoro; Instrumental Intensities: Intensity II - Calapan City, and Puerto Galera, Oriental Mindoro; Makati City; Olongapo City; Intensity I - Batangas City, and Calatagan, Batangas; Tagaytay City, Cavite; Plaridel, Bulacan; Marikina City"
2021,12,13,9,12,31,13.63,120.53,100,,,,5.5,"Intensity IV- Paluan, Abra de Ilog, Mamburao, Looc and Lubang, Occidental Mindoro; Puerto Galera and San; Teodoro, Oriental Mindoro; Batangas City,; Calatagan and Balayan, Batangas; Intensity III - Lemery, Malvar, Mabini, Lian, Tingloy and Bauan, Batangas; Tagaytay City, Silang, Mendez, Alfonso,; Indang and Amadeo, Cavite; Quezon City; City of Manila; Taguig City; Pasig City; Pasay City; Valenzuela City; Plaridel,Bulacan; Intensity II- Santa Cruz, Sablayan, Calintaan, Magsaysay and San Jose, Occidental Mindoro; Bansud, Oriental; Mindoro; Talisay, Calaca and Nasugbu,; Batangas; General Trias City and Naic, Cavite; Malabon City; Parañaque City; Mandaluyong City; Makati City; Caloocan City; Navotas City; Tanay, Rizal; San; Felipe, Zambales; Los Baños, San Pedro City, Santa Rosa City and Biñan City, Laguna; Intensity I - Rizal, Occidental Mindoro; Socorro and Bongabong, Oriental Mindoro; Instrumental Intensities: Intensity IV - Calatagan, Batangas; Calapan City and Puerto Galera, Oriental Mindoro; Intensity III - Tagaytay City, Cavite; Plaridel, Bulacan; Batangas City; San Jose, Occidental Mindoro; Intensity II - San Ildefonso, Calumpit, and San Rafael, Bulacan; Carmona, Cavite; Muntinlupa City; Olongapo City; Malolos City, Bulacan; Dolores, Quezon; Talisay, Batangas; Intensity I - Pasig City; Quezon City; Las Pinas City; Malabon City; Marikina City; Guagua, Pampanga; Cabanatuan; City, Nueva Ecija; Mulanay and Mauban,; Quezon; Pandi and Marilao, Bulacan"
2021,12,21,4,8,10,12.89,120.92,7,,,,5.1,"Intensity IV - Sablayan and Rizal, Occidental Mindoro; Intensity III - Abra De Ilog, Santa Cruz and Calintaan, Occidental Mindoro; Calapan City and Bansud, Oriental; Mindoro; Intensity II - Makati City; Batangas City; Baco, Oriental Mindoro; Intensity I - Puerto Galera, Oriental Mindoro; Tingloy, Batangas; Instrumental Intensities: Intensity IV - Calapan City, Oriental Mindoro; Intensity III - Puerto Galera, Oriental Mindoro; Intensity II - Roxas, Oriental Mindoro; San Jose, Occidental Mindoro; Batangas City; Intensity I - Tagaytay City, Cavite; Mulanay, Mauban, Gumaca and Dolores, Quezon"
2021,12,26,0,12,6,16.15,119.27,12,,,,5,
2022,2,21,7,22,16,13.55,120.67,102,,,5.3,,"Intensity III - Abra de Ilog, and Lubang, Occidental Mindoro; Puerto Galera, and Calapan City, Oriental Mindoro; Calatagan, and Tingloy, Batangas; San Pedro; City, Laguna; Intensity II - Santa, San Jose, and Mamburao, Occidental Mindoro; Naujan, Oriental Mindoro; Alfonso, Cavite; Nasugbu and Lemery, Batangas; Los Baños,; Laguna; Quezon City; Pasay City; Taguig City; Parañaque City; Intensity I - San Teodoro, Oriental Mindoro; Laurel, Batangas; Instrumental Intensities: Intensity III - Calapan City, and Puerto Galera, Oriental Mindoro; Calatagan, Batangas; Intensity II - San Jose, Occidental Mindoro; Tagaytay City; Batangas City; Intensity I - Navotas City; Muntinlupa City; Carmona, Cavite"
2022,3,13,21,5,48,14.05,119.11,33,,,,6.4,"Intensity IV- Lubang, Occidental Mindoro; Intensity III - Abra De Ilog, Occidental Mindoro; Nasugbu, Batangas; Tagaytay City, Amadeo, Maragondon, Mendez; and Alfonso Cavite; Quezon City; Taguig; City; Mandaluyong City; Makati City; Navotas City; Pasig City; Plaridel, Bulacan; Intensity II - Looc and Mamburao Occidental Mindoro; Talisay, Batangas; Palauig, San Felipe, and Castillejos,; Zambales; Malabon City; Intensity I - Parañaque City; City of Puerto Princesa, Palawan; Instrumental Intensities: Intensity III - Calumpit, Bulacan; Guagua, Pampanga; City of Olongapo; Carmona,; and City of Tagaytay, Cavite; City of Calapan, Oriental Mindoro; City of Navotas; Intensity II - City of Las Piñas; City of Marikina; City of Muntinlupa; Quezon City; City of Pasig; Baler, Aurora; City of; Malolos, Marilao, Pandi, Plaridel, San; Ildefonso, and San Rafael, Bulacan; City of Gapan, and City of Palayan, Nueva Ecija; Iba,Zambales; Batangas City, and Talisay, Batangas; Dolores, and Gumaca, Quezon; Puerto Galera, Oriental Mindoro; Intensity I - City of Parañaque; Pateros; City of Dagupan; Doña Remedios Trinidad, Bulacan; City of Cabanatuan,; and San Jose City, Nueva Ecija; Magalang, Pampanga; City of Tarlac, Tarlac; Los Baños, Laguna; Infanta, Lucban, Mauban, Mulanay, and Polillo,; Quezon; San Jose, Occidental Mindoro; Roxas,; Oriental Mindoro; City of Puerto Princesa; City of San Juan"
2022,3,14,14,40,48,14.07,119.17,33,,,,5.1,Intensity II- Quezon City
2022,3,15,18,15,48,13.99,119.24,35,,,,5,
2022,3,16,0,9,29,14.1,119.16,27,,,,5,
2022,3,29,16,27,14,14.12,119.09,33,,,,5,
2022,3,29,18,55,32,15.05,119.6,10,,,,5,"Intensity III - Cabangan, Botolan, Palauig, Castillejos, San Felipe and San Narciso, Zambales; Intensity II - Iba,San Marcelino and Candelaria, Zambales; Instrumental Intensity: Intensity II - Olongapo City, Zambales"
2022,5,21,21,50,48,13.93,120.49,128,,,,6.1,"Intensity IV- Calatagan, Balayan, Tuy, Nasugbu, Mabini, Lemery, Batangas; Puerto Galera, San Teodoro and; Calapan City, Oriental Mindoro; Abra De Ilog,; Looc, Lubang, Mamburao and Rizal, Occidental Mindoro; Intensity III - Quezon City; Pasay City; Pasig City; Tagaytay City; Navotas City; Mendez, Amadeo, General Trias,; Maragondon and Alfonso, Cavite; Santa; Teresita, Batangas; Obando and Pulilan Bulacan; Santa Cruz and Sablayan, Occidental Mindoro; Victoria, Oriental; Mindoro; Intensity II - Abucay, Bataan; Gapan City, Nueva Ecija; Castillejos, Zambales; Mandaluyong City; Manila City; Makati; City; Tanay and Morong, Rizal; Angat; and Plaridel, Bulacan; Dolores and Mulanay, Quezon; Calintaan and Magsaysay, Occidental Mindoro; Baco and; Naujan, Oriental Mindoro; San Nicolas,; Batangas; Intensity I - San Pascual, Batangas; Instrumental Intensities: Intensity IV- Puerto Galera, Oriental Mindoro; Intensity III- Plaridel, San Ildefonso and Malolos City, Bulacan; Guagua, Pampanga; Tagaytay City; Calapan City,; Oriental Mindoro; Batangas City; Olongapo; City, Zambales; Gumaca, Quezon; Cuenca, Batangas; Navotas City; Intensity II- Talisay, Batangas; Mulanay, Mauban and Dolores, Quezon ; Roxas, Oriental Mindoro; San Jose,; Occidental Mindoro; Muntinlupa City; Cabanatuan City and; Gapan City, Nueva Ecija; Pulilan, Bustos, Pandi and Marilao, Bulacan; Las Piñas City; Marikina City; Malabon City; Intensity I- Los Baños, Laguna; Iba, Zambales; Pasig City; Quezon City; Tayabas, Polillo, Lopez, San Francisco and; Lucban, Quezon; Baler, Aurora; Santa Maria; and Angat, Bulacan; Morong, Rizal; Dagupan City, Pangasinan"
2022,7,27,9,4,21,16.25,122.93,18,,,5,,"Intensity II - Quezon City; Intensity I- Ilagan, Isabela; Tuguegarao City, and Peñablanca, Cagayan; Instrumental Intensities: Intensity I - Baler, Aurora; Peñablaca, Cagayan; Madella, Quirino; Ilagan City, Isabela"
2022,11,8,14,30,1,15.45,120.57,187,,,,5.2,"Intensity III - Villasis, Pangasinan; Intensity II - Bani, and Infanta, Pangasinan; Iba, Zambales; Intensity I - City of Laoag, Ilocos Norte; Instrumental Intensities: Intensity III - Infanta, Pangasinan; Intensity I - Bani, Pangasinan; Iba, Zambales"
2022,12,16,11,0,44,13.58,120.56,89,,,,5,"Intensity II - Paluan, Lubang, and Looc, Occidental Mindoro; Calatagan, Batangas; Intensity I - Puerto Galera, City of Calapan, San Teodoro, and Baco, Oriental Mindoro; Abra de Ilog, Occidental; Mindoro; Instrumental Intensities: Intensity II - Puerto Galera, Oriental Mindoro; Intensity I - Batangas City, Batangas; Magallanes, Cavite; Abra De Ilog, Occidental Mindoro; Calapan City, Oriental; Mindoro; Tagaytay City"
2022,12,18,13,33,46,15.69,119.17,13,,,,5.2,"Instrumental Intensity: Intensity I - Bani, Pangasinan"
2023,2,16,10,33,56,15.06,119.79,9,0,0,,5,"Intensity III - Masinloc, Zambales
Intensity II- Cabangan, and Iba, Zambales
Intensity I- Botolan, and Castillejos, Zambales"
2023,6,15,2,19,25,13.78,120.52,107,0,0,6.3,,Intensity VI - Looc
2023,8,23,17,38,35,12.81,121.36,1,0,0,,5.1,"Intensity V - Pinamalayan, ORIENTAL MINDORO
Intensity IV - Bansud, Bongabong, Socorro, Pola, and Gloria, ORIENTAL MINDORO
Intensity III - Victoria, and Naujan, ORIENTAL MINDORO; Concepcion, ROMBLON
Intensity II - City of Calapan, Baco, and San Teodoro, ORIENTAL MINDORO
"
2023,10,13,0,24,16,13.79,120.82,5,0,0,,5,"Intensity V - Batangas City, City of Calaca, and Lemery, BATANGAS
Intensity IV - CITY OF MUNTINLUPA; Alitagtag, Balayan, Bauan, Calatagan,
Lian, Mabini, Mataasnakahoy, San Luis, Santa Teresita, Taal, Tingloy, and Tuy, BATANGAS; Alfonso, CAVITE
Intensity III - Agoncillo, Balete, Cuenca, Ibaan, Laurel, City of Lipa, Lobo, Malvar, Nasugbu,
Padre Garcia, San Jose, San Nicolas, San Pascual, City of Sto. Tomas, Talisay, City of Tanauan,
and Taysan, BATANGAS; Amadeo, City of Dasmariñas, Indang, Magallanes, Mendez-Nuñez,
Silang, and City of Tagaytay, CAVITE; City of San Pedro, LAGUNA; Dolores, and Tiaong,
QUEZON
Intensity II - QUEZON CITY; PASAY CITY; PATEROS; CITY OF SAN JUAN;
CITY OF VALENZUELA; City of Meycauayan, and Obando, BULACAN; Rosario,
and San Juan, BATANGAS; City of Bacoor, and City of General Trias, CAVITE;
City of San Pablo, LAGUNA; Mauban, QUEZON; Baco, and City of Calapan,
ORIENTAL MINDORO; City of Cabuyao, City of Calamba, Calauan, Los Baños,
City of San Pablo, City of Santa Rosa, and Victoria, LAGUNA;
Intensity I - CITY OF CALOOCAN; CITY OF PASIG; Naic, CAVITE; Cardona, and Morong,
RIZAL; Puerto Galera, and San Teodoro, ORIENTAL MINDORO
"
2023,12,5,8,23,55,13.87,120.29,60,0,0,,5.9,"Intensity V - Lubang and Looc, OCCIDENTAL MINDORO; Puerto Galera, ORIENTAL MINDORO
Intensity IV - Baco, City of Calapan, and San Teodoro, ORIENTAL MINDORO; Abra de Ilog, OCCIDENTAL MINDORO; Laurel, Mabini, San Jose, San Nicolas, and Tingloy, BATANGAS; CITY OF MAKATI; CITY OF MANILA; QUEZON CITY;
CITY OF TAGUIG; City of Malolos, City of Meycauayan, Obando, Plaridel, and San Miguel, BULACAN; Floridablanca, PAMPANGA; Alfonso, City of Cavite, City of Dasmariñas, Mendez-Nuñez, Silang, and City of Tagaytay, CAVITE;
City of Santa Rosa, LAGUNA; Tanay, RIZAL
Intensity III - Mamburao and Santa Cruz, OCCIDENTAL MINDORO; Cuenca, Lian, Talisay, and City of Tanauan, BATANGAS; City of Bacoor and City of General Trias, CAVITE; Los Baños, City of San Pablo, and City of San Pedro,
LAGUNA; Rodriguez, RIZAL; CITY OF CALOOCAN; CITY OF MANDALUYONG; CITY OF MARIKINA; CITY OF MUNTINLUPA; PASAY CITY; CITY OF PASIG; CITY OF PARAÑAQUE; Pateros, METRO MANILA; CITY OF VALENZUELA; CITY OF
DAGUPAN; Abucay, Hermosa, and Morong, BATAAN; Corcuera, ROMBLON; Cabangan, Castillejos, San Antonio, San Felipe, San Marcelino, San Narciso, and Subic, ZAMBALES; CITY OF DAGUPAN
Intensity II - Dinalupihan, BATAAN; City of San Jose Del Monte, BULACAN; Gabaldon, NUEVA ECIJA; Botolan, Iba, and Palauig, ZAMBALES; CITY OF OLONGAPO; City of Lipa, and Mataasnakahoy, BATANGAS; Lucban, QUEZON; San
Mateo, RIZAL; Mansalay, ORIENTAL MINDORO; Ferrol, and Odiongan, ROMBLON
Intensity I - City of San Fernando, PAMPANGA; Masinloc and Candelaria, ZAMBALES; Mauban, QUEZON
"
